scenario_id,design,method,seed,equal_budget_replications,policy_evaluation_budget,selected_idx,selected_alpha_on,selected_alpha_off,visited_policies,holdout_objective,exhaustive_holdout_objective,regret_vs_exhaustive,exact_match
F01,factorial,diffusion_topk,0,1204,60,43,18.0,16.0,60,0.0743613345570827,0.0743613345570827,0.0,1
F01,factorial,high_fidelity_local_search,0,1204,60,43,18.0,16.0,60,0.0743613345570827,0.0743613345570827,0.0,1
F01,factorial,MIGR_H,0,1204,60,42,18.0,14.0,43,0.0730783315976936,0.0743613345570827,0.0,0
F01,factorial,exhaustive,0,1204,60,43,18.0,16.0,190,0.0743613345570827,0.0743613345570827,0.0,1
F01,factorial,random_RS,0,1204,60,33,16.0,12.0,60,0.0736491560185863,0.0743613345570827,0.0,0
F01,factorial,GP_BO,0,1204,60,43,18.0,16.0,60,0.0743613345570827,0.0743613345570827,0.0,1
F01,factorial,random_RS,1,1204,60,43,18.0,16.0,60,0.0743613345570827,0.0743613345570827,0.0,1
F01,factorial,GP_BO,1,1204,60,43,18.0,16.0,60,0.0743613345570827,0.0743613345570827,0.0,1
F01,factorial,random_RS,2,1204,60,44,18.0,18.0,60,0.0739690872113021,0.0743613345570827,0.0,0
F01,factorial,GP_BO,2,1204,60,43,18.0,16.0,60,0.0743613345570827,0.0743613345570827,0.0,1
F01,factorial,random_RS,3,1204,60,51,20.0,14.0,60,0.0742646284200493,0.0743613345570827,0.0,0
F01,factorial,GP_BO,3,1204,60,43,18.0,16.0,60,0.0743613345570827,0.0743613345570827,0.0,1
F01,factorial,random_RS,4,1204,60,43,18.0,16.0,60,0.0743613345570827,0.0743613345570827,0.0,1
F01,factorial,GP_BO,4,1204,60,43,18.0,16.0,60,0.0743613345570827,0.0743613345570827,0.0,1
F03,factorial,diffusion_topk,0,1400,70,23,14.0,6.0,70,0.2312412096906076,0.2312412096906076,0.0,1
F03,factorial,high_fidelity_local_search,0,1400,70,34,16.0,14.0,70,0.2411727182162991,0.2312412096906076,0.04294869646711975,0
F03,factorial,MIGR_H,0,1400,70,24,14.0,8.0,50,0.2244627436434211,0.2312412096906076,0.0,0
F03,factorial,exhaustive,0,1400,70,23,14.0,6.0,190,0.2312412096906076,0.2312412096906076,0.0,1
F03,factorial,random_RS,0,1400,70,81,26.0,8.0,70,0.24893217624897,0.2312412096906076,0.07650438510519929,0
F03,factorial,GP_BO,0,1400,70,23,14.0,6.0,70,0.2312412096906076,0.2312412096906076,0.0,1
F03,factorial,random_RS,1,1400,70,23,14.0,6.0,70,0.2312412096906076,0.2312412096906076,0.0,1
F03,factorial,GP_BO,1,1400,70,23,14.0,6.0,70,0.2312412096906076,0.2312412096906076,0.0,1
F03,factorial,random_RS,2,1400,70,34,16.0,14.0,70,0.2411727182162991,0.2312412096906076,0.04294869646711975,0
F03,factorial,GP_BO,2,1400,70,23,14.0,6.0,70,0.2312412096906076,0.2312412096906076,0.0,1
F03,factorial,random_RS,3,1400,70,24,14.0,8.0,70,0.2244627436434211,0.2312412096906076,0.0,0
F03,factorial,GP_BO,3,1400,70,23,14.0,6.0,70,0.2312412096906076,0.2312412096906076,0.0,1
F03,factorial,random_RS,4,1400,70,24,14.0,8.0,70,0.2244627436434211,0.2312412096906076,0.0,0
F03,factorial,GP_BO,4,1400,70,23,14.0,6.0,70,0.2312412096906076,0.2312412096906076,0.0,1
F04,factorial,diffusion_topk,0,1176,58,12,10.0,6.0,58,0.2607186871484674,0.2607186871484674,0.0,1
F04,factorial,high_fidelity_local_search,0,1176,58,21,14.0,2.0,58,0.2624408650094446,0.2607186871484674,0.006605502197840034,0
F04,factorial,MIGR_H,0,1176,58,15,12.0,2.0,42,0.2653879721649586,0.2607186871484674,0.01790928401627084,0
F04,factorial,exhaustive,0,1176,58,12,10.0,6.0,190,0.2607186871484674,0.2607186871484674,0.0,1
F04,factorial,random_RS,0,1176,58,12,10.0,6.0,58,0.2607186871484674,0.2607186871484674,0.0,1
F04,factorial,GP_BO,0,1176,58,12,10.0,6.0,58,0.2607186871484674,0.2607186871484674,0.0,1
F04,factorial,random_RS,1,1176,58,14,10.0,10.0,58,0.2613474621413043,0.2607186871484674,0.0024116989837357082,0
F04,factorial,GP_BO,1,1176,58,12,10.0,6.0,58,0.2607186871484674,0.2607186871484674,0.0,1
F04,factorial,random_RS,2,1176,58,10,10.0,2.0,58,0.2649272919508635,0.2607186871484674,0.016142321244504772,0
F04,factorial,GP_BO,2,1176,58,12,10.0,6.0,58,0.2607186871484674,0.2607186871484674,0.0,1
F04,factorial,random_RS,3,1176,58,12,10.0,6.0,58,0.2607186871484674,0.2607186871484674,0.0,1
F04,factorial,GP_BO,3,1176,58,12,10.0,6.0,58,0.2607186871484674,0.2607186871484674,0.0,1
F04,factorial,random_RS,4,1176,58,7,8.0,4.0,58,0.2647924739130172,0.2607186871484674,0.015625219692173214,0
F04,factorial,GP_BO,4,1176,58,12,10.0,6.0,58,0.2607186871484674,0.2607186871484674,0.0,1
F06,factorial,diffusion_topk,0,896,44,1,4.0,2.0,44,0.6140076408142524,0.6140076408142524,0.0,1
F06,factorial,high_fidelity_local_search,0,896,44,1,4.0,2.0,44,0.6140076408142524,0.6140076408142524,0.0,1
F06,factorial,MIGR_H,0,896,44,5,6.0,6.0,32,0.6092724498448099,0.6140076408142524,0.0,0
F06,factorial,exhaustive,0,896,44,1,4.0,2.0,190,0.6140076408142524,0.6140076408142524,0.0,1
F06,factorial,random_RS,0,896,44,0,2.0,2.0,44,0.613393177565007,0.6140076408142524,0.0,0
F06,factorial,GP_BO,0,896,44,1,4.0,2.0,44,0.6140076408142524,0.6140076408142524,0.0,1
F06,factorial,random_RS,1,896,44,0,2.0,2.0,44,0.613393177565007,0.6140076408142524,0.0,0
F06,factorial,GP_BO,1,896,44,1,4.0,2.0,44,0.6140076408142524,0.6140076408142524,0.0,1
F06,factorial,random_RS,2,896,44,4,6.0,4.0,44,0.6197871431998493,0.6140076408142524,0.00941275319950827,0
F06,factorial,GP_BO,2,896,44,1,4.0,2.0,44,0.6140076408142524,0.6140076408142524,0.0,1
F06,factorial,random_RS,3,896,44,8,8.0,6.0,44,0.6112143712408213,0.6140076408142524,0.0,0
F06,factorial,GP_BO,3,896,44,1,4.0,2.0,44,0.6140076408142524,0.6140076408142524,0.0,1
F06,factorial,random_RS,4,896,44,2,4.0,4.0,44,0.6082965674374491,0.6140076408142524,0.0,0
F06,factorial,GP_BO,4,896,44,1,4.0,2.0,44,0.6140076408142524,0.6140076408142524,0.0,1
F07,factorial,diffusion_topk,0,1344,67,26,14.0,12.0,67,0.2932395929608961,0.2741426490206138,0.06966060920658246,0
F07,factorial,high_fidelity_local_search,0,1344,67,1,4.0,2.0,67,0.2741426490206138,0.2741426490206138,0.0,1
F07,factorial,MIGR_H,0,1344,67,2,4.0,4.0,48,0.2686085986336719,0.2741426490206138,0.0,0
F07,factorial,exhaustive,0,1344,67,1,4.0,2.0,190,0.2741426490206138,0.2741426490206138,0.0,1
F07,factorial,random_RS,0,1344,67,8,8.0,6.0,67,0.2691446904428654,0.2741426490206138,0.0,0
F07,factorial,GP_BO,0,1344,67,1,4.0,2.0,67,0.2741426490206138,0.2741426490206138,0.0,1
F07,factorial,random_RS,1,1344,67,1,4.0,2.0,67,0.2741426490206138,0.2741426490206138,0.0,1
F07,factorial,GP_BO,1,1344,67,1,4.0,2.0,67,0.2741426490206138,0.2741426490206138,0.0,1
F07,factorial,random_RS,2,1344,67,2,4.0,4.0,67,0.2686085986336719,0.2741426490206138,0.0,0
F07,factorial,GP_BO,2,1344,67,1,4.0,2.0,67,0.2741426490206138,0.2741426490206138,0.0,1
F07,factorial,random_RS,3,1344,67,1,4.0,2.0,67,0.2741426490206138,0.2741426490206138,0.0,1
F07,factorial,GP_BO,3,1344,67,1,4.0,2.0,67,0.2741426490206138,0.2741426490206138,0.0,1
F07,factorial,random_RS,4,1344,67,1,4.0,2.0,67,0.2741426490206138,0.2741426490206138,0.0,1
F07,factorial,GP_BO,4,1344,67,1,4.0,2.0,67,0.2741426490206138,0.2741426490206138,0.0,1
F09,factorial,diffusion_topk,0,1260,63,3,6.0,2.0,63,0.9069982471150898,0.9069982471150898,0.0,1
F09,factorial,high_fidelity_local_search,0,1260,63,3,6.0,2.0,63,0.9069982471150898,0.9069982471150898,0.0,1
F09,factorial,MIGR_H,0,1260,63,1,4.0,2.0,45,0.885933824805176,0.9069982471150898,0.0,0
F09,factorial,exhaustive,0,1260,63,3,6.0,2.0,190,0.9069982471150898,0.9069982471150898,0.0,1
F09,factorial,random_RS,0,1260,63,7,8.0,4.0,63,0.9071085076821837,0.9069982471150898,0.00012156646106489549,0
F09,factorial,GP_BO,0,1260,63,3,6.0,2.0,63,0.9069982471150898,0.9069982471150898,0.0,1
F09,factorial,random_RS,1,1260,63,6,8.0,2.0,63,0.8878371024569759,0.9069982471150898,0.0,0
F09,factorial,GP_BO,1,1260,63,3,6.0,2.0,63,0.9069982471150898,0.9069982471150898,0.0,1
F09,factorial,random_RS,2,1260,63,3,6.0,2.0,63,0.9069982471150898,0.9069982471150898,0.0,1
F09,factorial,GP_BO,2,1260,63,3,6.0,2.0,63,0.9069982471150898,0.9069982471150898,0.0,1
F09,factorial,random_RS,3,1260,63,7,8.0,4.0,63,0.9071085076821837,0.9069982471150898,0.00012156646106489549,0
F09,factorial,GP_BO,3,1260,63,3,6.0,2.0,63,0.9069982471150898,0.9069982471150898,0.0,1
F09,factorial,random_RS,4,1260,63,7,8.0,4.0,63,0.9071085076821837,0.9069982471150898,0.00012156646106489549,0
F09,factorial,GP_BO,4,1260,63,3,6.0,2.0,63,0.9069982471150898,0.9069982471150898,0.0,1
F10,factorial,diffusion_topk,0,1008,50,1,4.0,2.0,50,0.5952194973570939,0.5952194973570939,0.0,1
F10,factorial,high_fidelity_local_search,0,1008,50,1,4.0,2.0,50,0.5952194973570939,0.5952194973570939,0.0,1
F10,factorial,MIGR_H,0,1008,50,0,2.0,2.0,36,0.5772017225383533,0.5952194973570939,0.0,0
F10,factorial,exhaustive,0,1008,50,1,4.0,2.0,190,0.5952194973570939,0.5952194973570939,0.0,1
F10,factorial,random_RS,0,1008,50,0,2.0,2.0,50,0.5772017225383533,0.5952194973570939,0.0,0
F10,factorial,GP_BO,0,1008,50,1,4.0,2.0,50,0.5952194973570939,0.5952194973570939,0.0,1
F10,factorial,random_RS,1,1008,50,0,2.0,2.0,50,0.5772017225383533,0.5952194973570939,0.0,0
F10,factorial,GP_BO,1,1008,50,1,4.0,2.0,50,0.5952194973570939,0.5952194973570939,0.0,1
F10,factorial,random_RS,2,1008,50,2,4.0,4.0,50,0.5979644800062817,0.5952194973570939,0.0046117149410866,0
F10,factorial,GP_BO,2,1008,50,1,4.0,2.0,50,0.5952194973570939,0.5952194973570939,0.0,1
F10,factorial,random_RS,3,1008,50,1,4.0,2.0,50,0.5952194973570939,0.5952194973570939,0.0,1
F10,factorial,GP_BO,3,1008,50,1,4.0,2.0,50,0.5952194973570939,0.5952194973570939,0.0,1
F10,factorial,random_RS,4,1008,50,2,4.0,4.0,50,0.5979644800062817,0.5952194973570939,0.0046117149410866,0
F10,factorial,GP_BO,4,1008,50,1,4.0,2.0,50,0.5952194973570939,0.5952194973570939,0.0,1
F12,factorial,diffusion_topk,0,896,44,3,6.0,2.0,44,1.6460535900826123,1.6460535900826123,0.0,1
F12,factorial,high_fidelity_local_search,0,896,44,0,2.0,2.0,44,1.6013677113107447,1.6460535900826123,0.0,0
F12,factorial,MIGR_H,0,896,44,1,4.0,2.0,32,1.6091158608048015,1.6460535900826123,0.0,0
F12,factorial,exhaustive,0,896,44,3,6.0,2.0,190,1.6460535900826123,1.6460535900826123,0.0,1
F12,factorial,random_RS,0,896,44,0,2.0,2.0,44,1.6013677113107447,1.6460535900826123,0.0,0
F12,factorial,GP_BO,0,896,44,3,6.0,2.0,44,1.6460535900826123,1.6460535900826123,0.0,1
F12,factorial,random_RS,1,896,44,15,12.0,2.0,44,1.6272861871256457,1.6460535900826123,0.0,0
F12,factorial,GP_BO,1,896,44,3,6.0,2.0,44,1.6460535900826123,1.6460535900826123,0.0,1
F12,factorial,random_RS,2,896,44,4,6.0,4.0,44,1.642749495951295,1.6460535900826123,0.0,0
F12,factorial,GP_BO,2,896,44,3,6.0,2.0,44,1.6460535900826123,1.6460535900826123,0.0,1
F12,factorial,random_RS,3,896,44,6,8.0,2.0,44,1.6283520435098706,1.6460535900826123,0.0,0
F12,factorial,GP_BO,3,896,44,3,6.0,2.0,44,1.6460535900826123,1.6460535900826123,0.0,1
F12,factorial,random_RS,4,896,44,2,4.0,4.0,44,1.6346205984416515,1.6460535900826123,0.0,0
F12,factorial,GP_BO,4,896,44,3,6.0,2.0,44,1.6460535900826123,1.6460535900826123,0.0,1
F27,factorial,diffusion_topk,0,1148,57,0,2.0,2.0,57,3.1461536948709825,3.1461536948709825,0.0,1
F27,factorial,high_fidelity_local_search,0,1148,57,0,2.0,2.0,57,3.1461536948709825,3.1461536948709825,0.0,1
F27,factorial,MIGR_H,0,1148,57,1,4.0,2.0,41,3.141142373785035,3.1461536948709825,0.0,0
F27,factorial,exhaustive,0,1148,57,0,2.0,2.0,190,3.1461536948709825,3.1461536948709825,0.0,1
F27,factorial,random_RS,0,1148,57,0,2.0,2.0,57,3.1461536948709825,3.1461536948709825,0.0,1
F27,factorial,GP_BO,0,1148,57,0,2.0,2.0,57,3.1461536948709825,3.1461536948709825,0.0,1
F27,factorial,random_RS,1,1148,57,0,2.0,2.0,57,3.1461536948709825,3.1461536948709825,0.0,1
F27,factorial,GP_BO,1,1148,57,0,2.0,2.0,57,3.1461536948709825,3.1461536948709825,0.0,1
F27,factorial,random_RS,2,1148,57,10,10.0,2.0,57,3.1669624271968297,3.1461536948709825,0.00661402281769345,0
F27,factorial,GP_BO,2,1148,57,0,2.0,2.0,57,3.1461536948709825,3.1461536948709825,0.0,1
F27,factorial,random_RS,3,1148,57,10,10.0,2.0,57,3.1669624271968297,3.1461536948709825,0.00661402281769345,0
F27,factorial,GP_BO,3,1148,57,0,2.0,2.0,57,3.1461536948709825,3.1461536948709825,0.0,1
F27,factorial,random_RS,4,1148,57,1,4.0,2.0,57,3.141142373785035,3.1461536948709825,0.0,0
F27,factorial,GP_BO,4,1148,57,0,2.0,2.0,57,3.1461536948709825,3.1461536948709825,0.0,1
F28,factorial,diffusion_topk,0,463,23,0,2.0,2.0,23,0.6510362785975089,0.6510362785975089,0.0,1
F28,factorial,high_fidelity_local_search,0,463,23,18,12.0,8.0,23,0.8422547030948903,0.6510362785975089,0.29371393082627056,0
F28,factorial,MIGR_H,0,463,23,0,2.0,2.0,33,0.6510362785975089,0.6510362785975089,0.0,1
F28,factorial,exhaustive,0,463,23,0,2.0,2.0,190,0.6510362785975089,0.6510362785975089,0.0,1
F28,factorial,random_RS,0,463,23,0,2.0,2.0,23,0.6510362785975089,0.6510362785975089,0.0,1
F28,factorial,GP_BO,0,463,23,0,2.0,2.0,23,0.6510362785975089,0.6510362785975089,0.0,1
F28,factorial,random_RS,1,463,23,6,8.0,2.0,23,0.7322911741616724,0.6510362785975089,0.12480855251139987,0
F28,factorial,GP_BO,1,463,23,0,2.0,2.0,23,0.6510362785975089,0.6510362785975089,0.0,1
F28,factorial,random_RS,2,463,23,4,6.0,4.0,23,0.7294313745377159,0.6510362785975089,0.1204158639347859,0
F28,factorial,GP_BO,2,463,23,0,2.0,2.0,23,0.6510362785975089,0.6510362785975089,0.0,1
F28,factorial,random_RS,3,463,23,6,8.0,2.0,23,0.7322911741616724,0.6510362785975089,0.12480855251139987,0
F28,factorial,GP_BO,3,463,23,0,2.0,2.0,23,0.6510362785975089,0.6510362785975089,0.0,1
F28,factorial,random_RS,4,463,23,2,4.0,4.0,23,0.702964154975859,0.6510362785975089,0.07976187823237037,0
F28,factorial,GP_BO,4,463,23,0,2.0,2.0,23,0.6510362785975089,0.6510362785975089,0.0,1
F31,factorial,diffusion_topk,0,896,44,0,2.0,2.0,44,0.7047855656231139,0.7047855656231139,0.0,1
F31,factorial,high_fidelity_local_search,0,896,44,0,2.0,2.0,44,0.7047855656231139,0.7047855656231139,0.0,1
F31,factorial,MIGR_H,0,896,44,0,2.0,2.0,32,0.7047855656231139,0.7047855656231139,0.0,1
F31,factorial,exhaustive,0,896,44,0,2.0,2.0,190,0.7047855656231139,0.7047855656231139,0.0,1
F31,factorial,random_RS,0,896,44,0,2.0,2.0,44,0.7047855656231139,0.7047855656231139,0.0,1
F31,factorial,GP_BO,0,896,44,0,2.0,2.0,44,0.7047855656231139,0.7047855656231139,0.0,1
F31,factorial,random_RS,1,896,44,0,2.0,2.0,44,0.7047855656231139,0.7047855656231139,0.0,1
F31,factorial,GP_BO,1,896,44,0,2.0,2.0,44,0.7047855656231139,0.7047855656231139,0.0,1
F31,factorial,random_RS,2,896,44,4,6.0,4.0,44,0.7729409286481146,0.7047855656231139,0.09670368740418694,0
F31,factorial,GP_BO,2,896,44,0,2.0,2.0,44,0.7047855656231139,0.7047855656231139,0.0,1
F31,factorial,random_RS,3,896,44,6,8.0,2.0,44,0.7917100345959506,0.7047855656231139,0.12333463284819852,0
F31,factorial,GP_BO,3,896,44,0,2.0,2.0,44,0.7047855656231139,0.7047855656231139,0.0,1
F31,factorial,random_RS,4,896,44,2,4.0,4.0,44,0.7484665599277612,0.7047855656231139,0.06197770844814077,0
F31,factorial,GP_BO,4,896,44,0,2.0,2.0,44,0.7047855656231139,0.7047855656231139,0.0,1
F36,factorial,diffusion_topk,0,656,32,0,2.0,2.0,32,3.53523589722779,3.53523589722779,0.0,1
F36,factorial,high_fidelity_local_search,0,656,32,11,10.0,4.0,32,3.6136307363621145,3.53523589722779,0.022175278089872043,0
F36,factorial,MIGR_H,0,656,32,0,2.0,2.0,36,3.53523589722779,3.53523589722779,0.0,1
F36,factorial,exhaustive,0,656,32,0,2.0,2.0,190,3.53523589722779,3.53523589722779,0.0,1
F36,factorial,random_RS,0,656,32,0,2.0,2.0,32,3.53523589722779,3.53523589722779,0.0,1
F36,factorial,GP_BO,0,656,32,0,2.0,2.0,32,3.53523589722779,3.53523589722779,0.0,1
F36,factorial,random_RS,1,656,32,0,2.0,2.0,32,3.53523589722779,3.53523589722779,0.0,1
F36,factorial,GP_BO,1,656,32,0,2.0,2.0,32,3.53523589722779,3.53523589722779,0.0,1
F36,factorial,random_RS,2,656,32,66,24.0,2.0,32,3.562938078162804,3.53523589722779,0.007836020492080117,0
F36,factorial,GP_BO,2,656,32,0,2.0,2.0,32,3.53523589722779,3.53523589722779,0.0,1
F36,factorial,random_RS,3,656,32,66,24.0,2.0,32,3.562938078162804,3.53523589722779,0.007836020492080117,0
F36,factorial,GP_BO,3,656,32,0,2.0,2.0,32,3.53523589722779,3.53523589722779,0.0,1
F36,factorial,random_RS,4,656,32,78,26.0,2.0,32,3.6175785712514967,3.53523589722779,0.023291988545453796,0
F36,factorial,GP_BO,4,656,32,0,2.0,2.0,32,3.53523589722779,3.53523589722779,0.0,1
R03,lhs,diffusion_topk,0,510,25,1,7.059748964826046,3.529874482413023,25,2.312304821518256,2.312304821518256,0.0,1
R03,lhs,high_fidelity_local_search,0,510,25,17,21.179246894478133,10.589623447239068,25,2.4379710931399865,2.312304821518256,0.054346758460339345,0
R03,lhs,MIGR_H,0,510,25,0,3.529874482413023,3.529874482413023,33,2.3129856692012747,2.312304821518256,0.00029444547132495276,0
R03,lhs,exhaustive,0,510,25,1,7.059748964826046,3.529874482413023,190,2.312304821518256,2.312304821518256,0.0,1
R03,lhs,random_RS,0,510,25,0,3.529874482413023,3.529874482413023,25,2.3129856692012747,2.312304821518256,0.00029444547132495276,0
R03,lhs,GP_BO,0,510,25,1,7.059748964826046,3.529874482413023,25,2.312304821518256,2.312304821518256,0.0,1
R03,lhs,random_RS,1,510,25,6,14.119497929652091,3.529874482413023,25,2.352683779296572,2.312304821518256,0.017462644804677387,0
R03,lhs,GP_BO,1,510,25,0,3.529874482413023,3.529874482413023,25,2.3129856692012747,2.312304821518256,0.00029444547132495276,0
R03,lhs,random_RS,2,510,25,4,10.589623447239068,7.059748964826046,25,2.3833930566913826,2.312304821518256,0.030743453246985995,0
R03,lhs,GP_BO,2,510,25,1,7.059748964826046,3.529874482413023,25,2.312304821518256,2.312304821518256,0.0,1
R03,lhs,random_RS,3,510,25,6,14.119497929652091,3.529874482413023,25,2.352683779296572,2.312304821518256,0.017462644804677387,0
R03,lhs,GP_BO,3,510,25,0,3.529874482413023,3.529874482413023,25,2.3129856692012747,2.312304821518256,0.00029444547132495276,0
R03,lhs,random_RS,4,510,25,2,7.059748964826046,7.059748964826046,25,2.354217665968945,2.312304821518256,0.01812600313792946,0
R03,lhs,GP_BO,4,510,25,0,3.529874482413023,3.529874482413023,25,2.3129856692012747,2.312304821518256,0.00029444547132495276,0
R06,lhs,diffusion_topk,0,516,25,0,3.3242412372975574,3.3242412372975574,25,1.1374965977936264,1.1374965977936264,0.0,1
R06,lhs,high_fidelity_local_search,0,516,25,30,26.593929898380456,9.972723711892671,25,1.233248447321195,1.1374965977936264,0.0841777019054792,0
R06,lhs,MIGR_H,0,516,25,0,3.3242412372975574,3.3242412372975574,34,1.1374965977936264,1.1374965977936264,0.0,1
R06,lhs,exhaustive,0,516,25,0,3.3242412372975574,3.3242412372975574,190,1.1374965977936264,1.1374965977936264,0.0,1
R06,lhs,random_RS,0,516,25,0,3.3242412372975574,3.3242412372975574,25,1.1374965977936264,1.1374965977936264,0.0,1
R06,lhs,GP_BO,0,516,25,0,3.3242412372975574,3.3242412372975574,25,1.1374965977936264,1.1374965977936264,0.0,1
R06,lhs,random_RS,1,516,25,6,13.29696494919023,3.3242412372975574,25,1.1652985285147084,1.1374965977936264,0.024441330879590016,0
R06,lhs,GP_BO,1,516,25,0,3.3242412372975574,3.3242412372975574,25,1.1374965977936264,1.1374965977936264,0.0,1
R06,lhs,random_RS,2,516,25,4,9.972723711892671,6.648482474595115,25,1.1731733236008963,1.1374965977936264,0.03136424836476094,0
R06,lhs,GP_BO,2,516,25,0,3.3242412372975574,3.3242412372975574,25,1.1374965977936264,1.1374965977936264,0.0,1
R06,lhs,random_RS,3,516,25,6,13.29696494919023,3.3242412372975574,25,1.1652985285147084,1.1374965977936264,0.024441330879590016,0
R06,lhs,GP_BO,3,516,25,0,3.3242412372975574,3.3242412372975574,25,1.1374965977936264,1.1374965977936264,0.0,1
R06,lhs,random_RS,4,516,25,2,6.648482474595115,6.648482474595115,25,1.1646596460820513,1.1374965977936264,0.02387967431385056,0
R06,lhs,GP_BO,4,516,25,0,3.3242412372975574,3.3242412372975574,25,1.1374965977936264,1.1374965977936264,0.0,1
R07,lhs,diffusion_topk,0,833,41,120,36.8790576868024,2.3049411054251503,41,0.7439516309350573,0.7141029440485815,0.04179885706289028,0
R07,lhs,high_fidelity_local_search,0,833,41,101,32.269175475952096,25.35435215967665,41,0.717396880696995,0.7141029440485815,0.004612691595610331,0
R07,lhs,MIGR_H,0,833,41,146,39.18399879222755,25.35435215967665,52,0.7141029440485815,0.7141029440485815,0.0,1
R07,lhs,exhaustive,0,833,41,146,39.18399879222755,25.35435215967665,190,0.7141029440485815,0.7141029440485815,0.0,1
R07,lhs,random_RS,0,833,41,146,39.18399879222755,25.35435215967665,41,0.7141029440485815,0.7141029440485815,0.0,1
R07,lhs,GP_BO,0,833,41,146,39.18399879222755,25.35435215967665,41,0.7141029440485815,0.7141029440485815,0.0,1
R07,lhs,random_RS,1,833,41,147,39.18399879222755,27.6592932651018,41,0.7151590755052356,0.7141029440485815,0.001478962473766546,0
R07,lhs,GP_BO,1,833,41,146,39.18399879222755,25.35435215967665,41,0.7141029440485815,0.7141029440485815,0.0,1
R07,lhs,random_RS,2,833,41,146,39.18399879222755,25.35435215967665,41,0.7141029440485815,0.7141029440485815,0.0,1
R07,lhs,GP_BO,2,833,41,182,43.79388100307785,27.6592932651018,41,0.7165865020080614,0.7141029440485815,0.0034778710551162406,0
R07,lhs,random_RS,3,833,41,146,39.18399879222755,25.35435215967665,41,0.7141029440485815,0.7141029440485815,0.0,1
R07,lhs,GP_BO,3,833,41,146,39.18399879222755,25.35435215967665,41,0.7141029440485815,0.7141029440485815,0.0,1
R07,lhs,random_RS,4,833,41,145,39.18399879222755,23.0494110542515,41,0.7173736748397977,0.7141029440485815,0.004580195080380022,0
R07,lhs,GP_BO,4,833,41,146,39.18399879222755,25.35435215967665,41,0.7141029440485815,0.7141029440485815,0.0,1
R08,lhs,diffusion_topk,0,521,26,0,3.952109770314976,3.952109770314976,26,1.7316696625204528,1.7316696625204528,0.0,1
R08,lhs,high_fidelity_local_search,0,521,26,17,23.71265862188985,11.856329310944927,26,1.840319628898444,1.7316696625204528,0.06274289417292826,0
R08,lhs,MIGR_H,0,521,26,1,7.904219540629953,3.952109770314976,34,1.7390147617059806,1.7316696625204528,0.004241628380113157,0
R08,lhs,exhaustive,0,521,26,0,3.952109770314976,3.952109770314976,190,1.7316696625204528,1.7316696625204528,0.0,1
R08,lhs,random_RS,0,521,26,0,3.952109770314976,3.952109770314976,26,1.7316696625204528,1.7316696625204528,0.0,1
R08,lhs,GP_BO,0,521,26,0,3.952109770314976,3.952109770314976,26,1.7316696625204528,1.7316696625204528,0.0,1
R08,lhs,random_RS,1,521,26,6,15.808439081259904,3.952109770314976,26,1.7697624488668582,1.7316696625204528,0.021997721142126565,0
R08,lhs,GP_BO,1,521,26,0,3.952109770314976,3.952109770314976,26,1.7316696625204528,1.7316696625204528,0.0,1
R08,lhs,random_RS,2,521,26,4,11.856329310944927,7.904219540629953,26,1.7913971946714395,1.7316696625204528,0.034491296719983536,0
R08,lhs,GP_BO,2,521,26,0,3.952109770314976,3.952109770314976,26,1.7316696625204528,1.7316696625204528,0.0,1
R08,lhs,random_RS,3,521,26,6,15.808439081259904,3.952109770314976,26,1.7697624488668582,1.7316696625204528,0.021997721142126565,0
R08,lhs,GP_BO,3,521,26,0,3.952109770314976,3.952109770314976,26,1.7316696625204528,1.7316696625204528,0.0,1
R08,lhs,random_RS,4,521,26,2,7.904219540629953,7.904219540629953,26,1.7644445646217577,1.7316696625204528,0.018926763464574895,0
R08,lhs,GP_BO,4,521,26,0,3.952109770314976,3.952109770314976,26,1.7316696625204528,1.7316696625204528,0.0,1
R12,lhs,diffusion_topk,0,896,44,3,4.9526027077849415,1.6508675692616472,44,1.36665434443418,1.36665434443418,0.0,1
R12,lhs,high_fidelity_local_search,0,896,44,3,4.9526027077849415,1.6508675692616472,44,1.36665434443418,1.36665434443418,0.0,1
R12,lhs,MIGR_H,0,896,44,0,1.6508675692616472,1.6508675692616472,32,1.351102660155764,1.36665434443418,0.0,0
R12,lhs,exhaustive,0,896,44,3,4.9526027077849415,1.6508675692616472,190,1.36665434443418,1.36665434443418,0.0,1
R12,lhs,random_RS,0,896,44,0,1.6508675692616472,1.6508675692616472,44,1.351102660155764,1.36665434443418,0.0,0
R12,lhs,GP_BO,0,896,44,3,4.9526027077849415,1.6508675692616472,44,1.36665434443418,1.36665434443418,0.0,1
R12,lhs,random_RS,1,896,44,0,1.6508675692616472,1.6508675692616472,44,1.351102660155764,1.36665434443418,0.0,0
R12,lhs,GP_BO,1,896,44,3,4.9526027077849415,1.6508675692616472,44,1.36665434443418,1.36665434443418,0.0,1
R12,lhs,random_RS,2,896,44,4,4.9526027077849415,3.301735138523294,44,1.3714717201457252,1.36665434443418,0.0035249408390382276,0
R12,lhs,GP_BO,2,896,44,3,4.9526027077849415,1.6508675692616472,44,1.36665434443418,1.36665434443418,0.0,1
R12,lhs,random_RS,3,896,44,6,6.603470277046588,1.6508675692616472,44,1.3838206515827338,1.36665434443418,0.012560825799489835,0
R12,lhs,GP_BO,3,896,44,3,4.9526027077849415,1.6508675692616472,44,1.36665434443418,1.36665434443418,0.0,1
R12,lhs,random_RS,4,896,44,2,3.301735138523294,3.301735138523294,44,1.365472470892694,1.36665434443418,0.0,0
R12,lhs,GP_BO,4,896,44,3,4.9526027077849415,1.6508675692616472,44,1.36665434443418,1.36665434443418,0.0,1
R13,lhs,diffusion_topk,0,638,31,1,7.251141962371165,3.625570981185583,31,0.7968892438127718,0.7968892438127718,0.0,1
R13,lhs,high_fidelity_local_search,0,638,31,13,18.12785490592791,14.50228392474233,31,0.8251129193476598,0.7968892438127718,0.03541731269937826,0
R13,lhs,MIGR_H,0,638,31,1,7.251141962371165,3.625570981185583,35,0.7968892438127718,0.7968892438127718,0.0,1
R13,lhs,exhaustive,0,638,31,1,7.251141962371165,3.625570981185583,190,0.7968892438127718,0.7968892438127718,0.0,1
R13,lhs,random_RS,0,638,31,0,3.625570981185583,3.625570981185583,31,0.7832856453653961,0.7968892438127718,0.0,0
R13,lhs,GP_BO,0,638,31,1,7.251141962371165,3.625570981185583,31,0.7968892438127718,0.7968892438127718,0.0,1
R13,lhs,random_RS,1,638,31,6,14.50228392474233,3.625570981185583,31,0.7966969422252773,0.7968892438127718,0.0,0
R13,lhs,GP_BO,1,638,31,1,7.251141962371165,3.625570981185583,31,0.7968892438127718,0.7968892438127718,0.0,1
R13,lhs,random_RS,2,638,31,4,10.876712943556749,7.251141962371165,31,0.8009174915068747,0.7968892438127718,0.005054965574424742,0
R13,lhs,GP_BO,2,638,31,1,7.251141962371165,3.625570981185583,31,0.7968892438127718,0.7968892438127718,0.0,1
R13,lhs,random_RS,3,638,31,6,14.50228392474233,3.625570981185583,31,0.7966969422252773,0.7968892438127718,0.0,0
R13,lhs,GP_BO,3,638,31,1,7.251141962371165,3.625570981185583,31,0.7968892438127718,0.7968892438127718,0.0,1
R13,lhs,random_RS,4,638,31,2,7.251141962371165,7.251141962371165,31,0.7958777165920111,0.7968892438127718,0.0,0
R13,lhs,GP_BO,4,638,31,1,7.251141962371165,3.625570981185583,31,0.7968892438127718,0.7968892438127718,0.0,1
R17,lhs,diffusion_topk,0,896,44,0,2.011589865948815,2.011589865948815,44,0.7985620478110408,0.7985620478110408,0.0,1
R17,lhs,high_fidelity_local_search,0,896,44,3,6.034769597846445,2.011589865948815,44,0.8078658984654957,0.7985620478110408,0.011650754853624667,0
R17,lhs,MIGR_H,0,896,44,3,6.034769597846445,2.011589865948815,32,0.8078658984654957,0.7985620478110408,0.011650754853624667,0
R17,lhs,exhaustive,0,896,44,0,2.011589865948815,2.011589865948815,190,0.7985620478110408,0.7985620478110408,0.0,1
R17,lhs,random_RS,0,896,44,0,2.011589865948815,2.011589865948815,44,0.7985620478110408,0.7985620478110408,0.0,1
R17,lhs,GP_BO,0,896,44,0,2.011589865948815,2.011589865948815,44,0.7985620478110408,0.7985620478110408,0.0,1
R17,lhs,random_RS,1,896,44,0,2.011589865948815,2.011589865948815,44,0.7985620478110408,0.7985620478110408,0.0,1
R17,lhs,GP_BO,1,896,44,0,2.011589865948815,2.011589865948815,44,0.7985620478110408,0.7985620478110408,0.0,1
R17,lhs,random_RS,2,896,44,4,6.034769597846445,4.02317973189763,44,0.8169439682087715,0.7985620478110408,0.023018775370201774,0
R17,lhs,GP_BO,2,896,44,0,2.011589865948815,2.011589865948815,44,0.7985620478110408,0.7985620478110408,0.0,1
R17,lhs,random_RS,3,896,44,8,8.04635946379526,6.034769597846445,44,0.840435618532442,0.7985620478110408,0.052436214363282004,0
R17,lhs,GP_BO,3,896,44,0,2.011589865948815,2.011589865948815,44,0.7985620478110408,0.7985620478110408,0.0,1
R17,lhs,random_RS,4,896,44,2,4.02317973189763,4.02317973189763,44,0.8138597112593365,0.7985620478110408,0.019156511995816198,0
R17,lhs,GP_BO,4,896,44,0,2.011589865948815,2.011589865948815,44,0.7985620478110408,0.7985620478110408,0.0,1
R18,lhs,diffusion_topk,0,515,25,1,7.654591196947717,3.827295598473859,25,1.9865239529904613,1.9865239529904613,0.0,1
R18,lhs,high_fidelity_local_search,0,515,25,38,34.44566038626473,11.481886795421577,25,2.023438458608452,1.9865239529904613,0.018582461873878135,0
R18,lhs,MIGR_H,0,515,25,1,7.654591196947717,3.827295598473859,37,1.9865239529904613,1.9865239529904613,0.0,1
R18,lhs,exhaustive,0,515,25,1,7.654591196947717,3.827295598473859,190,1.9865239529904613,1.9865239529904613,0.0,1
R18,lhs,random_RS,0,515,25,0,3.827295598473859,3.827295598473859,25,1.980189361830618,1.9865239529904613,0.0,0
R18,lhs,GP_BO,0,515,25,1,7.654591196947717,3.827295598473859,25,1.9865239529904613,1.9865239529904613,0.0,1
R18,lhs,random_RS,1,515,25,6,15.309182393895432,3.827295598473859,25,1.98580599279887,1.9865239529904613,0.0,0
R18,lhs,GP_BO,1,515,25,1,7.654591196947717,3.827295598473859,25,1.9865239529904613,1.9865239529904613,0.0,1
R18,lhs,random_RS,2,515,25,4,11.481886795421577,7.654591196947717,25,2.000801146410859,1.9865239529904613,0.007187023040374258,0
R18,lhs,GP_BO,2,515,25,1,7.654591196947717,3.827295598473859,25,1.9865239529904613,1.9865239529904613,0.0,1
R18,lhs,random_RS,3,515,25,6,15.309182393895432,3.827295598473859,25,1.98580599279887,1.9865239529904613,0.0,0
R18,lhs,GP_BO,3,515,25,1,7.654591196947717,3.827295598473859,25,1.9865239529904613,1.9865239529904613,0.0,1
R18,lhs,random_RS,4,515,25,2,7.654591196947717,7.654591196947717,25,1.987180286235472,1.9865239529904613,0.00033039281707258574,0
R18,lhs,GP_BO,4,515,25,1,7.654591196947717,3.827295598473859,25,1.9865239529904613,1.9865239529904613,0.0,1
R20,lhs,diffusion_topk,0,896,44,0,3.116994806255219,3.116994806255219,44,1.4742590486500935,1.4742590486500935,0.0,1
R20,lhs,high_fidelity_local_search,0,896,44,3,9.350984418765655,3.116994806255219,44,1.5310365659118663,1.4742590486500935,0.03851257844661778,0
R20,lhs,MIGR_H,0,896,44,0,3.116994806255219,3.116994806255219,32,1.4742590486500935,1.4742590486500935,0.0,1
R20,lhs,exhaustive,0,896,44,0,3.116994806255219,3.116994806255219,190,1.4742590486500935,1.4742590486500935,0.0,1
R20,lhs,random_RS,0,896,44,0,3.116994806255219,3.116994806255219,44,1.4742590486500935,1.4742590486500935,0.0,1
R20,lhs,GP_BO,0,896,44,0,3.116994806255219,3.116994806255219,44,1.4742590486500935,1.4742590486500935,0.0,1
R20,lhs,random_RS,1,896,44,0,3.116994806255219,3.116994806255219,44,1.4742590486500935,1.4742590486500935,0.0,1
R20,lhs,GP_BO,1,896,44,0,3.116994806255219,3.116994806255219,44,1.4742590486500935,1.4742590486500935,0.0,1
R20,lhs,random_RS,2,896,44,4,9.350984418765655,6.233989612510438,44,1.5816506451468006,1.4742590486500935,0.07284445470763116,0
R20,lhs,GP_BO,2,896,44,0,3.116994806255219,3.116994806255219,44,1.4742590486500935,1.4742590486500935,0.0,1
R20,lhs,random_RS,3,896,44,6,12.467979225020876,3.116994806255219,44,1.5659009860167277,1.4742590486500935,0.06216135315604553,0
R20,lhs,GP_BO,3,896,44,0,3.116994806255219,3.116994806255219,44,1.4742590486500935,1.4742590486500935,0.0,1
R20,lhs,random_RS,4,896,44,2,6.233989612510438,6.233989612510438,44,1.5219904838636746,1.4742590486500935,0.032376559097457444,0
R20,lhs,GP_BO,4,896,44,0,3.116994806255219,3.116994806255219,44,1.4742590486500935,1.4742590486500935,0.0,1
R22,lhs,diffusion_topk,0,583,29,0,1.5944637439382392,1.5944637439382392,29,1.33762369144162,1.33762369144162,0.0,1
R22,lhs,high_fidelity_local_search,0,583,29,16,9.566782463629435,3.1889274878764784,29,1.4637002669673105,1.33762369144162,0.09425414362227082,0
R22,lhs,MIGR_H,0,583,29,3,4.783391231814718,1.5944637439382392,35,1.3704240996667354,1.33762369144162,0.024521401972003715,0
R22,lhs,exhaustive,0,583,29,0,1.5944637439382392,1.5944637439382392,190,1.33762369144162,1.33762369144162,0.0,1
R22,lhs,random_RS,0,583,29,0,1.5944637439382392,1.5944637439382392,29,1.33762369144162,1.33762369144162,0.0,1
R22,lhs,GP_BO,0,583,29,0,1.5944637439382392,1.5944637439382392,29,1.33762369144162,1.33762369144162,0.0,1
R22,lhs,random_RS,1,583,29,6,6.377854975752957,1.5944637439382392,29,1.3660680652068764,1.33762369144162,0.021264854941826426,0
R22,lhs,GP_BO,1,583,29,0,1.5944637439382392,1.5944637439382392,29,1.33762369144162,1.33762369144162,0.0,1
R22,lhs,random_RS,2,583,29,4,4.783391231814718,3.1889274878764784,29,1.4057827861943253,1.33762369144162,0.05095535851286176,0
R22,lhs,GP_BO,2,583,29,0,1.5944637439382392,1.5944637439382392,29,1.33762369144162,1.33762369144162,0.0,1
R22,lhs,random_RS,3,583,29,6,6.377854975752957,1.5944637439382392,29,1.3660680652068764,1.33762369144162,0.021264854941826426,0
R22,lhs,GP_BO,3,583,29,0,1.5944637439382392,1.5944637439382392,29,1.33762369144162,1.33762369144162,0.0,1
R22,lhs,random_RS,4,583,29,2,3.1889274878764784,3.1889274878764784,29,1.3949819729678972,1.33762369144162,0.04288073087615507,0
R22,lhs,GP_BO,4,583,29,0,1.5944637439382392,1.5944637439382392,29,1.33762369144162,1.33762369144162,0.0,1
R23,lhs,diffusion_topk,0,896,44,0,2.7273053602342148,2.7273053602342148,44,0.3262272621786774,0.3262272621786774,0.0,1
R23,lhs,high_fidelity_local_search,0,896,44,0,2.7273053602342148,2.7273053602342148,44,0.3262272621786774,0.3262272621786774,0.0,1
R23,lhs,MIGR_H,0,896,44,0,2.7273053602342148,2.7273053602342148,32,0.3262272621786774,0.3262272621786774,0.0,1
R23,lhs,exhaustive,0,896,44,0,2.7273053602342148,2.7273053602342148,190,0.3262272621786774,0.3262272621786774,0.0,1
R23,lhs,random_RS,0,896,44,0,2.7273053602342148,2.7273053602342148,44,0.3262272621786774,0.3262272621786774,0.0,1
R23,lhs,GP_BO,0,896,44,0,2.7273053602342148,2.7273053602342148,44,0.3262272621786774,0.3262272621786774,0.0,1
R23,lhs,random_RS,1,896,44,0,2.7273053602342148,2.7273053602342148,44,0.3262272621786774,0.3262272621786774,0.0,1
R23,lhs,GP_BO,1,896,44,0,2.7273053602342148,2.7273053602342148,44,0.3262272621786774,0.3262272621786774,0.0,1
R23,lhs,random_RS,2,896,44,4,8.181916080702644,5.454610720468429,44,0.3604092018719724,0.3262272621786774,0.10477953149903589,0
R23,lhs,GP_BO,2,896,44,0,2.7273053602342148,2.7273053602342148,44,0.3262272621786774,0.3262272621786774,0.0,1
R23,lhs,random_RS,3,896,44,6,10.909221440936856,2.7273053602342148,44,0.3694872106561052,0.3262272621786774,0.13260678518564128,0
R23,lhs,GP_BO,3,896,44,0,2.7273053602342148,2.7273053602342148,44,0.3262272621786774,0.3262272621786774,0.0,1
R23,lhs,random_RS,4,896,44,2,5.454610720468429,5.454610720468429,44,0.3642980925698274,0.3262272621786774,0.11670033380073026,0
R23,lhs,GP_BO,4,896,44,0,2.7273053602342148,2.7273053602342148,44,0.3262272621786774,0.3262272621786774,0.0,1
R24,lhs,diffusion_topk,0,579,28,0,3.2113378711648,3.2113378711648,28,0.8334905066721984,0.8334905066721984,0.0,1
R24,lhs,high_fidelity_local_search,0,579,28,16,19.268027226988792,6.422675742329599,28,0.8902590233447102,0.8334905066721984,0.06810937403374431,0
R24,lhs,MIGR_H,0,579,28,0,3.2113378711648,3.2113378711648,36,0.8334905066721984,0.8334905066721984,0.0,1
R24,lhs,exhaustive,0,579,28,0,3.2113378711648,3.2113378711648,190,0.8334905066721984,0.8334905066721984,0.0,1
R24,lhs,random_RS,0,579,28,0,3.2113378711648,3.2113378711648,28,0.8334905066721984,0.8334905066721984,0.0,1
R24,lhs,GP_BO,0,579,28,0,3.2113378711648,3.2113378711648,28,0.8334905066721984,0.8334905066721984,0.0,1
R24,lhs,random_RS,1,579,28,6,12.845351484659195,3.2113378711648,28,0.8566955132392767,0.8334905066721984,0.027840756890833554,0
R24,lhs,GP_BO,1,579,28,0,3.2113378711648,3.2113378711648,28,0.8334905066721984,0.8334905066721984,0.0,1
R24,lhs,random_RS,2,579,28,4,9.634013613494396,6.422675742329599,28,0.8577100498556003,0.8334905066721984,0.029057971254047125,0
R24,lhs,GP_BO,2,579,28,0,3.2113378711648,3.2113378711648,28,0.8334905066721984,0.8334905066721984,0.0,1
R24,lhs,random_RS,3,579,28,6,12.845351484659195,3.2113378711648,28,0.8566955132392767,0.8334905066721984,0.027840756890833554,0
R24,lhs,GP_BO,3,579,28,0,3.2113378711648,3.2113378711648,28,0.8334905066721984,0.8334905066721984,0.0,1
R24,lhs,random_RS,4,579,28,2,6.422675742329599,6.422675742329599,28,0.844419107821226,0.8334905066721984,0.013111848379246976,0
R24,lhs,GP_BO,4,579,28,0,3.2113378711648,3.2113378711648,28,0.8334905066721984,0.8334905066721984,0.0,1
V01,fresh_lhs,diffusion_topk,0,1288,64,42,24.80875825937755,19.29570086840476,64,0.6193371157285907,0.599869059078085,0.032453843644520454,0
V01,fresh_lhs,high_fidelity_local_search,0,1288,64,161,49.6175165187551,24.80875825937755,64,0.6023202858572467,0.599869059078085,0.0040862697318127346,0
V01,fresh_lhs,MIGR_H,0,1288,64,102,38.59140173680952,33.07834434583674,46,0.5960479895285069,0.599869059078085,0.0,0
V01,fresh_lhs,exhaustive,0,1288,64,164,49.6175165187551,33.07834434583674,190,0.599869059078085,0.599869059078085,0.0,1
V01,fresh_lhs,random_RS,0,1288,64,164,49.6175165187551,33.07834434583674,64,0.599869059078085,0.599869059078085,0.0,1
V01,fresh_lhs,GP_BO,0,1288,64,150,46.86098782326871,41.34793043229592,64,0.597943085669232,0.599869059078085,0.0,0
V01,fresh_lhs,random_RS,1,1288,64,164,49.6175165187551,33.07834434583674,64,0.599869059078085,0.599869059078085,0.0,1
V01,fresh_lhs,GP_BO,1,1288,64,99,38.59140173680952,24.80875825937755,64,0.5910606373590752,0.599869059078085,0.0,0
V01,fresh_lhs,random_RS,2,1288,64,184,52.3740452142415,38.59140173680952,64,0.6051364062993303,0.599869059078085,0.00878082831833419,0
V01,fresh_lhs,GP_BO,2,1288,64,99,38.59140173680952,24.80875825937755,64,0.5910606373590752,0.599869059078085,0.0,0
V01,fresh_lhs,random_RS,3,1288,64,140,46.86098782326871,13.782643477431971,64,0.6051176589421673,0.599869059078085,0.008749575902695652,0
V01,fresh_lhs,GP_BO,3,1288,64,99,38.59140173680952,24.80875825937755,64,0.5910606373590752,0.599869059078085,0.0,0
V01,fresh_lhs,random_RS,4,1288,64,164,49.6175165187551,33.07834434583674,64,0.599869059078085,0.599869059078085,0.0,1
V01,fresh_lhs,GP_BO,4,1288,64,150,46.86098782326871,41.34793043229592,64,0.597943085669232,0.599869059078085,0.0,0
V02,fresh_lhs,diffusion_topk,0,496,24,0,2.1221059486531253,2.1221059486531253,24,1.3367852065116483,1.3367852065116483,0.0,1
V02,fresh_lhs,high_fidelity_local_search,0,496,24,18,12.73263569191875,8.4884237946125,24,1.6023171437992534,1.3367852065116483,0.19863470660369795,0
V02,fresh_lhs,MIGR_H,0,496,24,0,2.1221059486531253,2.1221059486531253,32,1.3367852065116483,1.3367852065116483,0.0,1
V02,fresh_lhs,exhaustive,0,496,24,0,2.1221059486531253,2.1221059486531253,190,1.3367852065116483,1.3367852065116483,0.0,1
V02,fresh_lhs,random_RS,0,496,24,0,2.1221059486531253,2.1221059486531253,24,1.3367852065116483,1.3367852065116483,0.0,1
V02,fresh_lhs,GP_BO,0,496,24,0,2.1221059486531253,2.1221059486531253,24,1.3367852065116483,1.3367852065116483,0.0,1
V02,fresh_lhs,random_RS,1,496,24,6,8.4884237946125,2.1221059486531253,24,1.427046868381015,1.3367852065116483,0.06752143981672651,0
V02,fresh_lhs,GP_BO,1,496,24,0,2.1221059486531253,2.1221059486531253,24,1.3367852065116483,1.3367852065116483,0.0,1
V02,fresh_lhs,random_RS,2,496,24,4,6.366317845959375,4.244211897306251,24,1.4379291702346904,1.3367852065116483,0.07566209083580301,0
V02,fresh_lhs,GP_BO,2,496,24,0,2.1221059486531253,2.1221059486531253,24,1.3367852065116483,1.3367852065116483,0.0,1
V02,fresh_lhs,random_RS,3,496,24,6,8.4884237946125,2.1221059486531253,24,1.427046868381015,1.3367852065116483,0.06752143981672651,0
V02,fresh_lhs,GP_BO,3,496,24,0,2.1221059486531253,2.1221059486531253,24,1.3367852065116483,1.3367852065116483,0.0,1
V02,fresh_lhs,random_RS,4,496,24,2,4.244211897306251,4.244211897306251,24,1.4023112443133472,1.3367852065116483,0.04901762637895251,0
V02,fresh_lhs,GP_BO,4,496,24,0,2.1221059486531253,2.1221059486531253,24,1.3367852065116483,1.3367852065116483,0.0,1
V03,fresh_lhs,diffusion_topk,0,529,26,0,2.9794386783181643,2.9794386783181643,26,0.8174518308153209,0.8174518308153209,0.0,1
V03,fresh_lhs,high_fidelity_local_search,0,529,26,13,14.89719339159082,11.917754713272656,26,0.9074287886616405,0.8174518308153209,0.11007004260615226,0
V03,fresh_lhs,MIGR_H,0,529,26,0,2.9794386783181643,2.9794386783181643,33,0.8174518308153209,0.8174518308153209,0.0,1
V03,fresh_lhs,exhaustive,0,529,26,0,2.9794386783181643,2.9794386783181643,190,0.8174518308153209,0.8174518308153209,0.0,1
V03,fresh_lhs,random_RS,0,529,26,0,2.9794386783181643,2.9794386783181643,26,0.8174518308153209,0.8174518308153209,0.0,1
V03,fresh_lhs,GP_BO,0,529,26,0,2.9794386783181643,2.9794386783181643,26,0.8174518308153209,0.8174518308153209,0.0,1
V03,fresh_lhs,random_RS,1,529,26,6,11.917754713272656,2.9794386783181643,26,0.8443105177677793,0.8174518308153209,0.032856598933382705,0
V03,fresh_lhs,GP_BO,1,529,26,0,2.9794386783181643,2.9794386783181643,26,0.8174518308153209,0.8174518308153209,0.0,1
V03,fresh_lhs,random_RS,2,529,26,4,8.938316034954493,5.958877356636329,26,0.8457142961045337,0.8174518308153209,0.034573860163753065,0
V03,fresh_lhs,GP_BO,2,529,26,0,2.9794386783181643,2.9794386783181643,26,0.8174518308153209,0.8174518308153209,0.0,1
V03,fresh_lhs,random_RS,3,529,26,6,11.917754713272656,2.9794386783181643,26,0.8443105177677793,0.8174518308153209,0.032856598933382705,0
V03,fresh_lhs,GP_BO,3,529,26,0,2.9794386783181643,2.9794386783181643,26,0.8174518308153209,0.8174518308153209,0.0,1
V03,fresh_lhs,random_RS,4,529,26,2,5.958877356636329,5.958877356636329,26,0.8285911026299868,0.8174518308153209,0.013626823495588311,0
V03,fresh_lhs,GP_BO,4,529,26,0,2.9794386783181643,2.9794386783181643,26,0.8174518308153209,0.8174518308153209,0.0,1
V04,fresh_lhs,diffusion_topk,0,1092,54,3,4.889791579328957,1.629930526442986,54,1.0980722439867323,1.0980722439867323,0.0,1
V04,fresh_lhs,high_fidelity_local_search,0,1092,54,3,4.889791579328957,1.629930526442986,54,1.0980722439867323,1.0980722439867323,0.0,1
V04,fresh_lhs,MIGR_H,0,1092,54,1,3.259861052885972,1.629930526442986,39,1.0803571694650222,1.0980722439867323,0.0,0
V04,fresh_lhs,exhaustive,0,1092,54,3,4.889791579328957,1.629930526442986,190,1.0980722439867323,1.0980722439867323,0.0,1
V04,fresh_lhs,random_RS,0,1092,54,0,1.629930526442986,1.629930526442986,54,1.059930243118916,1.0980722439867323,0.0,0
V04,fresh_lhs,GP_BO,0,1092,54,3,4.889791579328957,1.629930526442986,54,1.0980722439867323,1.0980722439867323,0.0,1
V04,fresh_lhs,random_RS,1,1092,54,0,1.629930526442986,1.629930526442986,54,1.059930243118916,1.0980722439867323,0.0,0
V04,fresh_lhs,GP_BO,1,1092,54,3,4.889791579328957,1.629930526442986,54,1.0980722439867323,1.0980722439867323,0.0,1
V04,fresh_lhs,random_RS,2,1092,54,3,4.889791579328957,1.629930526442986,54,1.0980722439867323,1.0980722439867323,0.0,1
V04,fresh_lhs,GP_BO,2,1092,54,3,4.889791579328957,1.629930526442986,54,1.0980722439867323,1.0980722439867323,0.0,1
V04,fresh_lhs,random_RS,3,1092,54,6,6.519722105771943,1.629930526442986,54,1.1059165009056586,1.0980722439867323,0.007143661960206234,0
V04,fresh_lhs,GP_BO,3,1092,54,3,4.889791579328957,1.629930526442986,54,1.0980722439867323,1.0980722439867323,0.0,1
V04,fresh_lhs,random_RS,4,1092,54,2,3.259861052885972,3.259861052885972,54,1.0868601308679748,1.0980722439867323,0.0,0
V04,fresh_lhs,GP_BO,4,1092,54,3,4.889791579328957,1.629930526442986,54,1.0980722439867323,1.0980722439867323,0.0,1
V05,fresh_lhs,diffusion_topk,0,721,36,1,6.843055594026144,3.421527797013072,36,0.5619898955880516,0.5619898955880516,0.0,1
V05,fresh_lhs,high_fidelity_local_search,0,721,36,1,6.843055594026144,3.421527797013072,36,0.5619898955880516,0.5619898955880516,0.0,1
V05,fresh_lhs,MIGR_H,0,721,36,1,6.843055594026144,3.421527797013072,35,0.5619898955880516,0.5619898955880516,0.0,1
V05,fresh_lhs,exhaustive,0,721,36,1,6.843055594026144,3.421527797013072,190,0.5619898955880516,0.5619898955880516,0.0,1
V05,fresh_lhs,random_RS,0,721,36,0,3.421527797013072,3.421527797013072,36,0.5579405204388352,0.5619898955880516,0.0,0
V05,fresh_lhs,GP_BO,0,721,36,1,6.843055594026144,3.421527797013072,36,0.5619898955880516,0.5619898955880516,0.0,1
V05,fresh_lhs,random_RS,1,721,36,0,3.421527797013072,3.421527797013072,36,0.5579405204388352,0.5619898955880516,0.0,0
V05,fresh_lhs,GP_BO,1,721,36,1,6.843055594026144,3.421527797013072,36,0.5619898955880516,0.5619898955880516,0.0,1
V05,fresh_lhs,random_RS,2,721,36,4,10.264583391039215,6.843055594026144,36,0.5604059078718499,0.5619898955880516,0.0,0
V05,fresh_lhs,GP_BO,2,721,36,1,6.843055594026144,3.421527797013072,36,0.5619898955880516,0.5619898955880516,0.0,1
V05,fresh_lhs,random_RS,3,721,36,9,13.686111188052289,13.686111188052289,36,0.5580083046741114,0.5619898955880516,0.0,0
V05,fresh_lhs,GP_BO,3,721,36,1,6.843055594026144,3.421527797013072,36,0.5619898955880516,0.5619898955880516,0.0,1
V05,fresh_lhs,random_RS,4,721,36,30,27.37222237610457,10.264583391039215,36,0.5643658287776344,0.5619898955880516,0.004227715139071551,0
V05,fresh_lhs,GP_BO,4,721,36,1,6.843055594026144,3.421527797013072,36,0.5619898955880516,0.5619898955880516,0.0,1
V06,fresh_lhs,diffusion_topk,0,1036,51,2,4.286632525161223,4.286632525161223,51,1.848394845906408,1.848394845906408,0.0,1
V06,fresh_lhs,high_fidelity_local_search,0,1036,51,2,4.286632525161223,4.286632525161223,51,1.848394845906408,1.848394845906408,0.0,1
V06,fresh_lhs,MIGR_H,0,1036,51,1,4.286632525161223,2.1433162625806115,37,1.800456124082865,1.848394845906408,0.0,0
V06,fresh_lhs,exhaustive,0,1036,51,2,4.286632525161223,4.286632525161223,190,1.848394845906408,1.848394845906408,0.0,1
V06,fresh_lhs,random_RS,0,1036,51,6,8.573265050322446,2.1433162625806115,51,1.8198897616316807,1.848394845906408,0.0,0
V06,fresh_lhs,GP_BO,0,1036,51,2,4.286632525161223,4.286632525161223,51,1.848394845906408,1.848394845906408,0.0,1
V06,fresh_lhs,random_RS,1,1036,51,6,8.573265050322446,2.1433162625806115,51,1.8198897616316807,1.848394845906408,0.0,0
V06,fresh_lhs,GP_BO,1,1036,51,2,4.286632525161223,4.286632525161223,51,1.848394845906408,1.848394845906408,0.0,1
V06,fresh_lhs,random_RS,2,1036,51,2,4.286632525161223,4.286632525161223,51,1.848394845906408,1.848394845906408,0.0,1
V06,fresh_lhs,GP_BO,2,1036,51,2,4.286632525161223,4.286632525161223,51,1.848394845906408,1.848394845906408,0.0,1
V06,fresh_lhs,random_RS,3,1036,51,1,4.286632525161223,2.1433162625806115,51,1.800456124082865,1.848394845906408,0.0,0
V06,fresh_lhs,GP_BO,3,1036,51,2,4.286632525161223,4.286632525161223,51,1.848394845906408,1.848394845906408,0.0,1
V06,fresh_lhs,random_RS,4,1036,51,2,4.286632525161223,4.286632525161223,51,1.848394845906408,1.848394845906408,0.0,1
V06,fresh_lhs,GP_BO,4,1036,51,2,4.286632525161223,4.286632525161223,51,1.848394845906408,1.848394845906408,0.0,1
V07,fresh_lhs,diffusion_topk,0,497,24,0,3.87146085717108,3.87146085717108,24,2.618495524956885,2.618495524956885,0.0,1
V07,fresh_lhs,high_fidelity_local_search,0,497,24,18,23.228765143026475,15.485843428684316,24,2.75771514616176,2.618495524956885,0.05316779038878351,0
V07,fresh_lhs,MIGR_H,0,497,24,1,7.742921714342159,3.87146085717108,34,2.6170657888868414,2.618495524956885,0.0,0
V07,fresh_lhs,exhaustive,0,497,24,0,3.87146085717108,3.87146085717108,190,2.618495524956885,2.618495524956885,0.0,1
V07,fresh_lhs,random_RS,0,497,24,0,3.87146085717108,3.87146085717108,24,2.618495524956885,2.618495524956885,0.0,1
V07,fresh_lhs,GP_BO,0,497,24,0,3.87146085717108,3.87146085717108,24,2.618495524956885,2.618495524956885,0.0,1
V07,fresh_lhs,random_RS,1,497,24,6,15.485843428684316,3.87146085717108,24,2.6581879781711035,2.618495524956885,0.015158495722413816,0
V07,fresh_lhs,GP_BO,1,497,24,0,3.87146085717108,3.87146085717108,24,2.618495524956885,2.618495524956885,0.0,1
V07,fresh_lhs,random_RS,2,497,24,4,11.614382571513238,7.742921714342159,24,2.665886982040461,2.618495524956885,0.01809873518281319,0
V07,fresh_lhs,GP_BO,2,497,24,0,3.87146085717108,3.87146085717108,24,2.618495524956885,2.618495524956885,0.0,1
V07,fresh_lhs,random_RS,3,497,24,6,15.485843428684316,3.87146085717108,24,2.6581879781711035,2.618495524956885,0.015158495722413816,0
V07,fresh_lhs,GP_BO,3,497,24,0,3.87146085717108,3.87146085717108,24,2.618495524956885,2.618495524956885,0.0,1
V07,fresh_lhs,random_RS,4,497,24,2,7.742921714342159,7.742921714342159,24,2.650791406055,2.618495524956885,0.012333754551154747,0
V07,fresh_lhs,GP_BO,4,497,24,0,3.87146085717108,3.87146085717108,24,2.618495524956885,2.618495524956885,0.0,1
V08,fresh_lhs,diffusion_topk,0,508,25,0,3.238915399423914,3.238915399423914,25,1.665462629242532,1.665462629242532,0.0,1
V08,fresh_lhs,high_fidelity_local_search,0,508,25,13,16.19457699711957,12.955661597695656,25,1.6977757598500525,1.665462629242532,0.019401894728923882,0
V08,fresh_lhs,MIGR_H,0,508,25,0,3.238915399423914,3.238915399423914,34,1.665462629242532,1.665462629242532,0.0,1
V08,fresh_lhs,exhaustive,0,508,25,0,3.238915399423914,3.238915399423914,190,1.665462629242532,1.665462629242532,0.0,1
V08,fresh_lhs,random_RS,0,508,25,0,3.238915399423914,3.238915399423914,25,1.665462629242532,1.665462629242532,0.0,1
V08,fresh_lhs,GP_BO,0,508,25,0,3.238915399423914,3.238915399423914,25,1.665462629242532,1.665462629242532,0.0,1
V08,fresh_lhs,random_RS,1,508,25,6,12.955661597695656,3.238915399423914,25,1.6821854173022504,1.665462629242532,0.01004092662668988,0
V08,fresh_lhs,GP_BO,1,508,25,0,3.238915399423914,3.238915399423914,25,1.665462629242532,1.665462629242532,0.0,1
V08,fresh_lhs,random_RS,2,508,25,4,9.71674619827174,6.477830798847828,25,1.6924757784989386,1.665462629242532,0.016219606962116197,0
V08,fresh_lhs,GP_BO,2,508,25,0,3.238915399423914,3.238915399423914,25,1.665462629242532,1.665462629242532,0.0,1
V08,fresh_lhs,random_RS,3,508,25,6,12.955661597695656,3.238915399423914,25,1.6821854173022504,1.665462629242532,0.01004092662668988,0
V08,fresh_lhs,GP_BO,3,508,25,0,3.238915399423914,3.238915399423914,25,1.665462629242532,1.665462629242532,0.0,1
V08,fresh_lhs,random_RS,4,508,25,2,6.477830798847828,6.477830798847828,25,1.6796798561571342,1.665462629242532,0.008536503110290906,0
V08,fresh_lhs,GP_BO,4,508,25,0,3.238915399423914,3.238915399423914,25,1.665462629242532,1.665462629242532,0.0,1
V09,fresh_lhs,diffusion_topk,0,613,30,0,2.7282950176017664,2.7282950176017664,30,0.9833489793371976,0.9833489793371976,0.0,1
V09,fresh_lhs,high_fidelity_local_search,0,613,30,17,16.3697701056106,8.1848850528053,30,1.0361673603558463,0.9833489793371976,0.05371275318173383,0
V09,fresh_lhs,MIGR_H,0,613,30,1,5.456590035203533,2.7282950176017664,34,0.9819900511786518,0.9833489793371976,0.0,0
V09,fresh_lhs,exhaustive,0,613,30,0,2.7282950176017664,2.7282950176017664,190,0.9833489793371976,0.9833489793371976,0.0,1
V09,fresh_lhs,random_RS,0,613,30,0,2.7282950176017664,2.7282950176017664,30,0.9833489793371976,0.9833489793371976,0.0,1
V09,fresh_lhs,GP_BO,0,613,30,0,2.7282950176017664,2.7282950176017664,30,0.9833489793371976,0.9833489793371976,0.0,1
V09,fresh_lhs,random_RS,1,613,30,6,10.913180070407066,2.7282950176017664,30,0.9994677036351526,0.9833489793371976,0.016391662204011698,0
V09,fresh_lhs,GP_BO,1,613,30,0,2.7282950176017664,2.7282950176017664,30,0.9833489793371976,0.9833489793371976,0.0,1
V09,fresh_lhs,random_RS,2,613,30,4,8.1848850528053,5.456590035203533,30,1.0034828644823444,0.9833489793371976,0.020474811657116437,0
V09,fresh_lhs,GP_BO,2,613,30,0,2.7282950176017664,2.7282950176017664,30,0.9833489793371976,0.9833489793371976,0.0,1
V09,fresh_lhs,random_RS,3,613,30,6,10.913180070407066,2.7282950176017664,30,0.9994677036351526,0.9833489793371976,0.016391662204011698,0
V09,fresh_lhs,GP_BO,3,613,30,0,2.7282950176017664,2.7282950176017664,30,0.9833489793371976,0.9833489793371976,0.0,1
V09,fresh_lhs,random_RS,4,613,30,2,5.456590035203533,5.456590035203533,30,0.9962223282733588,0.9833489793371976,0.013091332992319958,0
V09,fresh_lhs,GP_BO,4,613,30,0,2.7282950176017664,2.7282950176017664,30,0.9833489793371976,0.9833489793371976,0.0,1
V10,fresh_lhs,diffusion_topk,0,896,44,0,1.8490482228312424,1.8490482228312424,44,0.4592591005063917,0.4592591005063917,0.0,1
V10,fresh_lhs,high_fidelity_local_search,0,896,44,0,1.8490482228312424,1.8490482228312424,44,0.4592591005063917,0.4592591005063917,0.0,1
V10,fresh_lhs,MIGR_H,0,896,44,0,1.8490482228312424,1.8490482228312424,32,0.4592591005063917,0.4592591005063917,0.0,1
V10,fresh_lhs,exhaustive,0,896,44,0,1.8490482228312424,1.8490482228312424,190,0.4592591005063917,0.4592591005063917,0.0,1
V10,fresh_lhs,random_RS,0,896,44,0,1.8490482228312424,1.8490482228312424,44,0.4592591005063917,0.4592591005063917,0.0,1
V10,fresh_lhs,GP_BO,0,896,44,0,1.8490482228312424,1.8490482228312424,44,0.4592591005063917,0.4592591005063917,0.0,1
V10,fresh_lhs,random_RS,1,896,44,0,1.8490482228312424,1.8490482228312424,44,0.4592591005063917,0.4592591005063917,0.0,1
V10,fresh_lhs,GP_BO,1,896,44,0,1.8490482228312424,1.8490482228312424,44,0.4592591005063917,0.4592591005063917,0.0,1
V10,fresh_lhs,random_RS,2,896,44,4,5.5471446684937264,3.698096445662484,44,0.4860353107454431,0.4592591005063917,0.05830305857745057,0
V10,fresh_lhs,GP_BO,2,896,44,0,1.8490482228312424,1.8490482228312424,44,0.4592591005063917,0.4592591005063917,0.0,1
V10,fresh_lhs,random_RS,3,896,44,6,7.396192891324969,1.8490482228312424,44,0.4776449473021521,0.4592591005063917,0.04003371250670417,0
V10,fresh_lhs,GP_BO,3,896,44,0,1.8490482228312424,1.8490482228312424,44,0.4592591005063917,0.4592591005063917,0.0,1
V10,fresh_lhs,random_RS,4,896,44,2,3.698096445662484,3.698096445662484,44,0.4685940758474561,0.4592591005063917,0.020326163010752366,0
V10,fresh_lhs,GP_BO,4,896,44,0,1.8490482228312424,1.8490482228312424,44,0.4592591005063917,0.4592591005063917,0.0,1
V11,fresh_lhs,diffusion_topk,0,1008,50,1,7.281549506340781,3.6407747531703913,50,1.42848810520277,1.42848810520277,0.0,1
V11,fresh_lhs,high_fidelity_local_search,0,1008,50,1,7.281549506340781,3.6407747531703913,50,1.42848810520277,1.42848810520277,0.0,1
V11,fresh_lhs,MIGR_H,0,1008,50,1,7.281549506340781,3.6407747531703913,36,1.42848810520277,1.42848810520277,0.0,1
V11,fresh_lhs,exhaustive,0,1008,50,1,7.281549506340781,3.6407747531703913,190,1.42848810520277,1.42848810520277,0.0,1
V11,fresh_lhs,random_RS,0,1008,50,0,3.6407747531703913,3.6407747531703913,50,1.403482315700484,1.42848810520277,0.0,0
V11,fresh_lhs,GP_BO,0,1008,50,1,7.281549506340781,3.6407747531703913,50,1.42848810520277,1.42848810520277,0.0,1
V11,fresh_lhs,random_RS,1,1008,50,0,3.6407747531703913,3.6407747531703913,50,1.403482315700484,1.42848810520277,0.0,0
V11,fresh_lhs,GP_BO,1,1008,50,1,7.281549506340781,3.6407747531703913,50,1.42848810520277,1.42848810520277,0.0,1
V11,fresh_lhs,random_RS,2,1008,50,4,10.922324259511171,7.281549506340781,50,1.4403279727916591,1.42848810520277,0.008288390743868652,0
V11,fresh_lhs,GP_BO,2,1008,50,1,7.281549506340781,3.6407747531703913,50,1.42848810520277,1.42848810520277,0.0,1
V11,fresh_lhs,random_RS,3,1008,50,1,7.281549506340781,3.6407747531703913,50,1.42848810520277,1.42848810520277,0.0,1
V11,fresh_lhs,GP_BO,3,1008,50,1,7.281549506340781,3.6407747531703913,50,1.42848810520277,1.42848810520277,0.0,1
V11,fresh_lhs,random_RS,4,1008,50,10,18.203873765851952,3.6407747531703913,50,1.464668389379813,1.42848810520277,0.025327676195040626,0
V11,fresh_lhs,GP_BO,4,1008,50,1,7.281549506340781,3.6407747531703913,50,1.42848810520277,1.42848810520277,0.0,1
V12,fresh_lhs,diffusion_topk,0,599,29,3,7.498914026518404,2.4996380088394683,29,1.165852286502597,1.165852286502597,0.0,1
V12,fresh_lhs,high_fidelity_local_search,0,599,29,20,14.997828053036809,14.997828053036809,29,1.1841226046219369,1.165852286502597,0.015671211808614544,0
V12,fresh_lhs,MIGR_H,0,599,29,3,7.498914026518404,2.4996380088394683,36,1.165852286502597,1.165852286502597,0.0,1
V12,fresh_lhs,exhaustive,0,599,29,3,7.498914026518404,2.4996380088394683,190,1.165852286502597,1.165852286502597,0.0,1
V12,fresh_lhs,random_RS,0,599,29,0,2.4996380088394683,2.4996380088394683,29,1.1616239722225237,1.165852286502597,0.0,0
V12,fresh_lhs,GP_BO,0,599,29,3,7.498914026518404,2.4996380088394683,29,1.165852286502597,1.165852286502597,0.0,1
V12,fresh_lhs,random_RS,1,599,29,6,9.998552035357871,2.4996380088394683,29,1.166166622068341,1.165852286502597,0.000269618689591433,0
V12,fresh_lhs,GP_BO,1,599,29,3,7.498914026518404,2.4996380088394683,29,1.165852286502597,1.165852286502597,0.0,1
V12,fresh_lhs,random_RS,2,599,29,4,7.498914026518404,4.999276017678936,29,1.1654742660548392,1.165852286502597,0.0,0
V12,fresh_lhs,GP_BO,2,599,29,3,7.498914026518404,2.4996380088394683,29,1.165852286502597,1.165852286502597,0.0,1
V12,fresh_lhs,random_RS,3,599,29,6,9.998552035357871,2.4996380088394683,29,1.166166622068341,1.165852286502597,0.000269618689591433,0
V12,fresh_lhs,GP_BO,3,599,29,3,7.498914026518404,2.4996380088394683,29,1.165852286502597,1.165852286502597,0.0,1
V12,fresh_lhs,random_RS,4,599,29,2,4.999276017678936,4.999276017678936,29,1.1583408353840112,1.165852286502597,0.0,0
V12,fresh_lhs,GP_BO,4,599,29,3,7.498914026518404,2.4996380088394683,29,1.165852286502597,1.165852286502597,0.0,1
