scenario_id,design,policy_idx,alpha_on,alpha_off,gap_fraction,diffusion_objective,train_objective,train_objective_ci95_hw,holdout_objective,holdout_objective_ci95_hw,holdout_W,holdout_B_H,holdout_B_L,holdout_cloud_fraction,holdout_activation_rate
R07,lhs,0,2.3049411054251503,2.3049411054251503,0.0,1.2081480681801229,0.7917123881416919,0.012875400234999066,0.7907216692734769,0.005533737244692659,0.15172134971224732,0.02521551096040555,0.00885823335467444,0.547132806063202,0.4708518518518518
R07,lhs,1,4.6098822108503,2.3049411054251503,0.04999999999999999,1.2106000185555348,0.7870830821788085,0.013116348896257738,0.7860646713263006,0.005834607657974745,0.15207314246328513,0.02538757043992525,0.008816395510923601,0.5371941053849252,0.45929629629629637
R07,lhs,2,4.6098822108503,4.6098822108503,0.0,1.2398819115580628,0.7831472290688815,0.011656980662114888,0.7799803096423924,0.006815878614895998,0.1539030583713131,0.026149322260401956,0.009679149184344146,0.5106570419824757,0.48803703703703705
R07,lhs,3,6.91482331627545,2.3049411054251503,0.09999999999999999,1.214422503331429,0.7865624172965788,0.013737469856125476,0.785495182192528,0.005714254616809657,0.15254796572464357,0.02594686426863889,0.009295676821625578,0.5254391333502871,0.44985185185185195
R07,lhs,4,6.91482331627545,4.6098822108503,0.05000000000000002,1.2442006762500457,0.7818127859734856,0.012156536156902386,0.7780754328083508,0.004951043386430005,0.1550938860999916,0.026664296038552287,0.010101297512572133,0.49670369617464977,0.46885185185185185
R07,lhs,5,6.91482331627545,6.91482331627545,0.0,1.266779832164377,0.7737244950858286,0.01066258229840505,0.7680180022294105,0.005150077361375418,0.15620002013222584,0.026957873544421904,0.010477669779187015,0.4741398526344439,0.4905555555555556
R07,lhs,6,9.2197644217006,2.3049411054251503,0.14999999999999997,1.2179010687727045,0.7809085333837325,0.013462108181300446,0.7834498262434322,0.004112297358205662,0.15349742747128942,0.026151737632958763,0.009726748553218747,0.5162558881043429,0.43311111111111106
R07,lhs,7,9.2197644217006,4.6098822108503,0.09999999999999999,1.2481160106320242,0.7775121172017199,0.014554119311335502,0.7724248058044676,0.006483082764120921,0.1553456875215032,0.026512121036815942,0.009941620506761933,0.49073055721177233,0.45218518518518513
R07,lhs,8,9.2197644217006,6.91482331627545,0.049999999999999975,1.2708298867389092,0.7739646309749708,0.012646842835580588,0.7655200933247969,0.00593947241365267,0.1565260573130115,0.02747495655812669,0.010919008425913136,0.4604905886476288,0.4730740740740741
R07,lhs,9,9.2197644217006,9.2197644217006,0.0,1.283203347317352,0.7652857404848301,0.012363763450186705,0.7613552579339625,0.005211363788305361,0.15750394699843148,0.027709251585057545,0.01117569203659114,0.4482976542611488,0.49137037037037035
R07,lhs,10,11.52470552712575,2.3049411054251503,0.19999999999999998,1.2223866149132756,0.778989283606949,0.014290541985978157,0.7763012408247751,0.005226350777116356,0.1547638888121394,0.026281559167542424,0.009788010118117783,0.501454008726909,0.4187407407407407
R07,lhs,11,11.52470552712575,4.6098822108503,0.15,1.2531465107877406,0.7795124927347784,0.013608798086749337,0.7702936158661015,0.004753243034865039,0.15596926574400263,0.027016105628693634,0.010454917300577416,0.47711169802033504,0.437074074074074
R07,lhs,12,11.52470552712575,6.91482331627545,0.09999999999999999,1.2760263563958063,0.7652511252373693,0.013406313128347828,0.7628033420436432,0.006283521153714642,0.15704612555961867,0.027839966143698467,0.010960820420947471,0.4500018224257397,0.4583333333333333
R07,lhs,13,11.52470552712575,9.2197644217006,0.05000000000000002,1.288408750872385,0.7603620010896938,0.010785957688043472,0.7549056555788051,0.004916328481780267,0.15793695385709713,0.027872738851969146,0.011194165307234362,0.43545019911490734,0.4745925925925926
R07,lhs,14,11.52470552712575,11.52470552712575,0.0,1.2998291964504942,0.7594648910631889,0.011594309581955755,0.7532233596128189,0.004800527266931695,0.1588018145114288,0.028333254576350178,0.011593767576185186,0.4232213565107487,0.4872962962962962
R07,lhs,15,13.8296466325509,2.3049411054251503,0.25,1.2280258250388183,0.7768712248993701,0.014676473665799447,0.7719311442624691,0.005839002155372017,0.1551924641486747,0.026732569680001553,0.010206177579797726,0.48592034835850273,0.40255555555555556
R07,lhs,16,13.8296466325509,4.6098822108503,0.2,1.2594444205185686,0.7731910791528321,0.012301983587249111,0.7643160970052811,0.005015993864848938,0.15728609457571113,0.02756264618847349,0.01086499921273937,0.456431109828821,0.420962962962963
R07,lhs,17,13.8296466325509,6.91482331627545,0.15,1.2825231295751276,0.7658229918227366,0.013542228456631977,0.7581078720222447,0.006310599920510239,0.15739899155077441,0.027929880395755183,0.010824385150554705,0.4415909553326403,0.43985185185185194
R07,lhs,18,13.8296466325509,9.2197644217006,0.10000000000000003,1.2949154448837348,0.7598166416423233,0.01271030941968277,0.7540736542687654,0.005321402964468756,0.15934544361850908,0.028479583939768224,0.011673121268293939,0.4211885282968883,0.4512962962962962
R07,lhs,19,13.8296466325509,11.52470552712575,0.05000000000000002,1.3062968109497683,0.7583185811542488,0.01494014970240313,0.7526489144485414,0.005762767148794517,0.15999814754298378,0.02870576525767694,0.011661716393911883,0.4147214258026784,0.4663703703703704
R07,lhs,20,13.8296466325509,13.8296466325509,0.0,1.317253239450478,0.7538551854620752,0.01399241410679296,0.745873332906981,0.006107936049925334,0.1612592080836223,0.029230598014756567,0.01239987868908057,0.39202240408371325,0.4794814814814815
R07,lhs,21,16.134587737976048,2.3049411054251503,0.29999999999999993,1.2327945667463236,0.7745996476953136,0.013212637764635162,0.7704479455112707,0.004719764133112903,0.15601259386204192,0.02717451894128697,0.010662561816116998,0.474122878284678,0.3871851851851852
R07,lhs,22,16.134587737976048,4.6098822108503,0.24999999999999997,1.264749114777307,0.7669805337994275,0.012130684202835619,0.7616704156666788,0.004584179094979703,0.1581224770328267,0.02784114132440657,0.011403261954663013,0.4450103616433623,0.4055185185185185
R07,lhs,23,16.134587737976048,6.91482331627545,0.19999999999999996,1.287988795723336,0.7627851618891317,0.01226839662915566,0.7563442249369392,0.004956800077313236,0.15878835892225865,0.02831391848596785,0.011603018373287585,0.42817894413112206,0.42200000000000004
R07,lhs,24,16.134587737976048,9.2197644217006,0.14999999999999997,1.3003893028937183,0.7529229074433668,0.013327147739815049,0.7512166965938125,0.004796313679888415,0.15966556379683225,0.02874176916561788,0.01164602661185134,0.4125904280049197,0.4354444444444444
R07,lhs,25,16.134587737976048,11.52470552712575,0.09999999999999995,1.3117383501594333,0.7496272629571861,0.013242292454235636,0.7463742487710355,0.006339652292542561,0.16102623813279635,0.029127529494810973,0.012160731085117477,0.395566604147134,0.44807407407407407
R07,lhs,26,16.134587737976048,13.8296466325509,0.04999999999999994,1.3226419444790478,0.748151369874718,0.013177660319403095,0.7436887471575186,0.005529735131230521,0.16211542223189196,0.02957729537893883,0.012241257653973924,0.3828541757000801,0.4568518518518518
R07,lhs,27,16.134587737976048,16.134587737976048,0.0,1.3303975969368471,0.7412334504756266,0.012705255150000684,0.7378234641977757,0.0048201429939189995,0.1630109307795245,0.029943947751018177,0.013120119852322648,0.36391458380287717,0.47040740740740733
R07,lhs,28,18.4395288434012,2.3049411054251503,0.35,1.2385923912171544,0.7712636769911781,0.014276641583819643,0.7663667501723676,0.005282865202841946,0.15619687741028415,0.0272354347886028,0.010454386881545732,0.46759058292801364,0.3705185185185185
R07,lhs,29,18.4395288434012,4.6098822108503,0.3,1.271174591982122,0.7603206279728197,0.012579097979379665,0.7554500903201028,0.004729306477396694,0.1583620578759977,0.0279209113488032,0.010938253173209258,0.4358663416559072,0.3906666666666668
R07,lhs,30,18.4395288434012,6.91482331627545,0.24999999999999997,1.2946021907700553,0.7556153584241612,0.012400925176760218,0.7512585980818078,0.005211092978275029,0.16036595351580063,0.028722886272320846,0.01203815836588648,0.4104151135292798,0.40488888888888896
R07,lhs,31,18.4395288434012,9.2197644217006,0.19999999999999998,1.3070129184553012,0.7535281310331222,0.013060321985704497,0.7469033591499638,0.0058457925896736,0.1609263007056697,0.029205648894668743,0.012181971751102626,0.3952586854435683,0.41766666666666663
R07,lhs,32,18.4395288434012,11.52470552712575,0.14999999999999997,1.3183245118823235,0.7464895449973739,0.01219184471367922,0.7438994542302034,0.005428490274684209,0.16172972962000004,0.0294643719584139,0.012473019595968431,0.3845737812673255,0.4267407407407407
R07,lhs,33,18.4395288434012,13.8296466325509,0.09999999999999995,1.3291645077222527,0.7445371731172331,0.012752810530757863,0.7385694668104779,0.005342658322172954,0.1622205179687696,0.029786475394821686,0.012797091916215473,0.36979354281390353,0.439
R07,lhs,34,18.4395288434012,16.134587737976048,0.05000000000000002,1.336870330190091,0.7438412946858323,0.013563756235809951,0.7357282815914009,0.005965859225850021,0.16238677772373222,0.029941949758014376,0.01308953890638393,0.36185237370195383,0.448
R07,lhs,35,18.4395288434012,18.4395288434012,0.0,1.34526617663474,0.7378371184680721,0.01221373399612508,0.7368206884596123,0.004891633217701407,0.1646933082822066,0.03080692151721571,0.013930440768594355,0.3439004944811349,0.4592962962962962
R07,lhs,36,20.74446994882635,2.3049411054251503,0.39999999999999997,1.2446945740230813,0.7627659084317654,0.012243152586798972,0.7634421325415711,0.005937643030584471,0.1587645095594215,0.02805992052895189,0.011387665686605743,0.44348145314422355,0.35537037037037045
R07,lhs,37,20.74446994882635,4.6098822108503,0.35,1.2779110912176157,0.7596411312999033,0.014152260075869253,0.755469066730268,0.005419671559101144,0.15975364027139496,0.028606225252204975,0.011552818625709279,0.42122087216116455,0.37633333333333335
R07,lhs,38,20.74446994882635,6.91482331627545,0.3,1.301528148622675,0.7514780771158225,0.011663231177688329,0.7490147826769248,0.005934225829961693,0.16115094537829477,0.0291750079248243,0.012092518912577743,0.398884468875057,0.3887777777777777
R07,lhs,39,20.74446994882635,9.2197644217006,0.25,1.313950141589309,0.7500972911817242,0.011533189610479146,0.7406237634763909,0.004654334030587994,0.1605878470985214,0.029148411675836934,0.012643636340193718,0.3854727973490277,0.3981851851851852
R07,lhs,40,20.74446994882635,11.52470552712575,0.19999999999999998,1.325224857486432,0.7434670569092835,0.010631508926457905,0.7379170269719416,0.005029000742763803,0.1623173573710828,0.02978602586640744,0.012926107041552162,0.36819231618115217,0.40755555555555556
R07,lhs,41,20.74446994882635,13.8296466325509,0.14999999999999997,1.3359998949046887,0.7417597424777798,0.012945467543684246,0.7377473042034858,0.004914889093798595,0.16434424714968449,0.030426956280142168,0.013345897293491634,0.3537070205963551,0.41851851851851857
R07,lhs,42,20.74446994882635,16.134587737976048,0.10000000000000003,1.343652363646798,0.7352431161373059,0.010477505098150763,0.7342067276613271,0.0057242075181016885,0.16495724702083325,0.030648624652678612,0.013776322774535452,0.3425358326890702,0.4264444444444445
R07,lhs,43,20.74446994882635,18.4395288434012,0.05000000000000002,1.3519944988066988,0.7383461676121446,0.014180949338725348,0.7320183066692342,0.004516403481837363,0.16559463044162415,0.030972709030233372,0.013890455174050614,0.33300641191768166,0.437037037037037
R07,lhs,44,20.74446994882635,20.74446994882635,0.0,1.360104562271578,0.7357213561176105,0.01141445166473007,0.7285995382315061,0.004731386384107113,0.1659855115229205,0.03125793640088141,0.01387293713743045,0.32307770688755355,0.4424074074074074
R07,lhs,45,23.0494110542515,2.3049411054251503,0.45,1.2510284558870417,0.767667697027335,0.014100950911234025,0.7583605458160828,0.005332684043144521,0.15981289123970213,0.028426085319769413,0.011990713523346014,0.4265300164080728,0.3437407407407408
R07,lhs,46,23.0494110542515,4.6098822108503,0.39999999999999997,1.2848769834711546,0.7571492731009904,0.012189719082630567,0.7558241129636569,0.005872537712220047,0.16199865574687908,0.02966009689494442,0.012563135207160271,0.3987857380522531,0.3608518518518518
R07,lhs,47,23.0494110542515,6.91482331627545,0.35,1.3086824283625047,0.7528184051459272,0.011327484694794233,0.7467644846470549,0.006444676592408541,0.16242480399905482,0.02958997342992329,0.012646919009218037,0.3852926799897425,0.37411111111111117
R07,lhs,48,23.0494110542515,9.2197644217006,0.3,1.321116656237964,0.7430431366355732,0.012731534557149721,0.7391557509350412,0.004419957287248373,0.1629634801847872,0.02974423514283004,0.012912635563181767,0.369758835492145,0.3808518518518519
R07,lhs,49,23.0494110542515,11.52470552712575,0.25,1.3323558361083916,0.7386227680348968,0.013326706800068255,0.7363812389624422,0.0048694230590678594,0.16336594001520244,0.030347183606352843,0.013441848845213008,0.35396219410499036,0.3900740740740741
R07,lhs,50,23.0494110542515,13.8296466325509,0.19999999999999998,1.3430661263343582,0.7364711188452261,0.012541555704773647,0.7342270139494318,0.00551888105354509,0.16453408787127735,0.030555428376635916,0.013379151452730564,0.3460888788178928,0.4014444444444445
R07,lhs,51,23.0494110542515,16.134587737976048,0.15000000000000005,1.3506634176080483,0.7382781891209331,0.010686445787765914,0.7296001866885091,0.0056937491141771275,0.16570649271718713,0.030999139790132673,0.014052184147310055,0.32820776231846566,0.4088518518518519
R07,lhs,52,23.0494110542515,18.4395288434012,0.10000000000000003,1.3589464868748256,0.7311631095680194,0.013389656081079657,0.7297000081401851,0.006242290923104926,0.16664423235102974,0.03147740719644921,0.014402455622747157,0.31846187094355893,0.4157037037037038
R07,lhs,53,23.0494110542515,20.74446994882635,0.05000000000000002,1.3670097901480547,0.7322157756378925,0.012190169902032182,0.7272852161999268,0.005448552496206657,0.16691752942188015,0.03162503642069932,0.014653126865522078,0.3112741867207867,0.4251481481481481
R07,lhs,54,23.0494110542515,23.0494110542515,0.0,1.374950021593126,0.7298604176470587,0.012608957350741214,0.7268740776435739,0.004911896185205567,0.1678263787147685,0.032067904421937785,0.014838235341929336,0.3019556082771463,0.4317777777777778
R07,lhs,55,25.35435215967665,2.3049411054251503,0.5,1.2583465274599779,0.761194960847592,0.013176773582316227,0.7578959624620151,0.006288564231320019,0.16038865244065262,0.029178325438831903,0.012212382824044082,0.4128525538874805,0.3298888888888889
R07,lhs,56,25.35435215967665,4.6098822108503,0.45,1.2928941904821754,0.7500805778539179,0.01363284438960382,0.7483540237115953,0.0044761411354032,0.16205896808355783,0.02941239211678969,0.012840926328182293,0.3901626767483704,0.3453333333333333
R07,lhs,57,25.35435215967665,6.91482331627545,0.39999999999999997,1.3169075027696528,0.7517953635729532,0.013428528641671678,0.7421276605968057,0.005632821773266153,0.16289228553702967,0.02997290018179923,0.012866721918805455,0.3710658916934556,0.35481481481481475
R07,lhs,58,25.35435215967665,9.2197644217006,0.35000000000000003,1.3293563325577966,0.7413908093998395,0.012639363131035987,0.7390462964792355,0.004552310190865444,0.1641850013219509,0.030369494718947055,0.013160569117595363,0.35745185242628147,0.36196296296296293
R07,lhs,59,25.35435215967665,11.52470552712575,0.3,1.3405575673999164,0.7443166199970432,0.01448999166686431,0.7333442716224183,0.0054070887072456145,0.16450783561264837,0.030528379221788693,0.013488875900185921,0.3447982177030194,0.37029629629629635
R07,lhs,60,25.35435215967665,13.8296466325509,0.25,1.3511964529991074,0.7397807160965769,0.011966788953038697,0.7304657002133399,0.005246554691401435,0.16613148324170535,0.03114871289916148,0.014045908610900356,0.32664824582270213,0.37951851851851853
R07,lhs,61,25.35435215967665,16.134587737976048,0.20000000000000007,1.358730916167244,0.7296394720033881,0.012578229885981644,0.7321494151486182,0.0049733669172216605,0.16710634422314607,0.031557035232292044,0.014308233797837655,0.3206020510514097,0.3859629629629629
R07,lhs,62,25.35435215967665,18.4395288434012,0.15000000000000005,1.366943395686865,0.7293004985261281,0.013487685964380824,0.7267026294866586,0.004883929739473782,0.16757910760026826,0.031814207277447805,0.01441135707428339,0.3074764345886305,0.3977037037037037
R07,lhs,63,25.35435215967665,20.74446994882635,0.10000000000000003,1.3749450877273988,0.7326299222963915,0.01325436756944064,0.7272142855567527,0.006104174251077055,0.16854414357955969,0.03213605440992069,0.014872557441446664,0.30023805345427795,0.4014814814814815
R07,lhs,64,25.35435215967665,23.0494110542515,0.05000000000000002,1.3828407409674073,0.7319306689295144,0.014919304388590083,0.72344265823104,0.006141742984803423,0.16973402919005495,0.032480506904667764,0.015418845456871609,0.2855781828576387,0.4116296296296296
R07,lhs,65,25.35435215967665,25.35435215967665,0.0,1.3916143376735377,0.7302992485403254,0.014568937666881141,0.7262772210076788,0.006096628043585304,0.17050719068824965,0.032902333444638644,0.015606800777101122,0.2816374537790033,0.4215185185185185
R07,lhs,66,27.659293265101798,2.3049411054251503,0.5499999999999999,1.264136292228869,0.7575706228667487,0.012666999791777503,0.7515920271695717,0.005301208814244752,0.1617151914649787,0.029324477533381705,0.012584391062772642,0.39781723917943684,0.3141111111111112
R07,lhs,67,27.659293265101798,4.6098822108503,0.5,1.2992147836511367,0.7484133187979933,0.00984514841888005,0.7482452741402832,0.005725364073925649,0.1632347834806464,0.030006986354876846,0.013218154275157008,0.37790044253605237,0.32918518518518514
R07,lhs,68,27.659293265101798,6.91482331627545,0.45,1.3233852993534834,0.7389030297287992,0.012171890993690138,0.7407882524792072,0.005075351300969291,0.164172706208749,0.030392183883762944,0.013189657604603174,0.35963414231136603,0.3372962962962963
R07,lhs,69,27.659293265101798,9.2197644217006,0.39999999999999997,1.3358457108859167,0.7383909690322324,0.013754691347381063,0.7337143217376855,0.0046083146670092895,0.16516753584306207,0.03066107105779458,0.013952824553817123,0.34063292287630487,0.3465555555555556
R07,lhs,70,27.659293265101798,11.52470552712575,0.35,1.34701882643536,0.7416837633298754,0.01262801604728611,0.7338342533338725,0.005133782980888751,0.16660385795607036,0.03137467624844382,0.01416641759731304,0.32715123113315847,0.3535555555555555
R07,lhs,71,27.659293265101798,13.8296466325509,0.29999999999999993,1.3576034731473856,0.7347826138347343,0.012756738121413149,0.729548671633664,0.005066888258788309,0.16700581332664577,0.031585731509105014,0.014621058457218032,0.31524737961166305,0.3608888888888889
R07,lhs,72,27.659293265101798,16.134587737976048,0.25,1.365088999966611,0.7318812724241118,0.015285740700858374,0.7269911112432267,0.004866035072784877,0.16797623502966735,0.03197009339131599,0.014810037214347363,0.30347951483851415,0.367074074074074
R07,lhs,73,27.659293265101798,18.4395288434012,0.19999999999999998,1.3732444844204603,0.727941591156252,0.013013132254530596,0.7264401001776483,0.005272050399089308,0.16896924688563833,0.03250927051561077,0.015395672380775322,0.2908777715996782,0.37733333333333335
R07,lhs,74,27.659293265101798,20.74446994882635,0.14999999999999997,1.381193120209759,0.7276619800012714,0.013392499849994693,0.7246159225627425,0.006326691037083478,0.16950080346371266,0.03267368919776858,0.01493716118143902,0.28659665476485213,0.3856666666666666
R07,lhs,75,27.659293265101798,23.0494110542515,0.09999999999999995,1.3890449342696962,0.7271865748723036,0.01452109886021816,0.7214628792598424,0.00549219225158279,0.1704679180854047,0.03285142097148962,0.0159245309501065,0.27404589228955967,0.38977777777777783
R07,lhs,76,27.659293265101798,25.35435215967665,0.04999999999999994,1.3977873802109384,0.7267106631518734,0.013030319454207304,0.7224107005480964,0.006497487609993923,0.17171544361649976,0.033366378856163025,0.016061686617587265,0.26535630987711384,0.39677777777777773
R07,lhs,77,27.659293265101798,27.659293265101798,0.0,1.4044785260723882,0.7280323066121395,0.01447546711339463,0.7198389485652005,0.005456526623600576,0.17259771238749003,0.03372649008027442,0.016511254095236808,0.25308586270477074,0.4068888888888888
R07,lhs,78,29.96423437052695,2.3049411054251503,0.6,1.270838507439934,0.7575246120845736,0.012848282483999024,0.7517622569331706,0.006328845645307791,0.16311811795610437,0.029875255600581685,0.013285508585811866,0.38507539090306664,0.30029629629629623
R07,lhs,79,29.96423437052695,4.6098822108503,0.55,1.3065076330937573,0.7468806104787464,0.012505417838576581,0.7417248640307245,0.005821143744321866,0.16451696713636912,0.03043260381445512,0.01350433005813485,0.35873621076894247,0.31103703703703706
R07,lhs,80,29.96423437052695,6.91482331627545,0.5,1.3308518214296197,0.7412091951467463,0.012937252859418527,0.7398443072167548,0.0045300607130023115,0.16555420687544348,0.031041497630601732,0.013989877758031016,0.3434029685081633,0.32148148148148153
R07,lhs,81,29.96423437052695,9.2197644217006,0.45,1.343325066525671,0.7358159904170957,0.013251788729239017,0.733429194718998,0.005871820641455941,0.16700895011546082,0.03148642351877911,0.014720767448898999,0.3221802265451147,0.3297407407407408
R07,lhs,82,29.96423437052695,11.52470552712575,0.39999999999999997,1.354466976605595,0.7358470265801513,0.01491502008548238,0.7290605281860408,0.004961388002044336,0.16758634111564644,0.03173627684904107,0.014892804442758218,0.31036640150100675,0.33581481481481484
R07,lhs,83,29.96423437052695,13.8296466325509,0.35,1.3649906396829317,0.7333958790939805,0.012768934773779718,0.7256529968346538,0.0055854723776598844,0.16791250764616877,0.0317501512681139,0.014958943506211799,0.3043087939110604,0.3415555555555556
R07,lhs,84,29.96423437052695,16.134587737976048,0.3,1.3724201032343282,0.7302815199289173,0.013333406992277953,0.7252944205419137,0.006527054858370905,0.16870057623281418,0.032609849103055706,0.015529201520303454,0.2875523383466847,0.3487407407407408
R07,lhs,85,29.96423437052695,18.4395288434012,0.25,1.380508489158756,0.7295209687326785,0.01368765906959182,0.7194016646146605,0.004634891303218783,0.17012779751420212,0.03270290388124339,0.015591501241483252,0.2749410053273108,0.35499999999999987
R07,lhs,86,29.96423437052695,20.74446994882635,0.19999999999999998,1.3883917526645093,0.7283028649954281,0.012034376061757713,0.7195563821241866,0.00573461469192685,0.17051547997899924,0.03316232567011017,0.015840152514321828,0.26676654325171917,0.3607407407407408
R07,lhs,87,29.96423437052695,23.0494110542515,0.14999999999999997,1.3961850242617735,0.7248236231444538,0.01433591662328591,0.7204378009160411,0.005095896786645689,0.17202504246401035,0.0336000637070201,0.016417134009226276,0.2570931026176881,0.3704074074074074
R07,lhs,88,29.96423437052695,25.35435215967665,0.09999999999999995,1.404876756579202,0.721680160535956,0.013425713677901881,0.7197965543027294,0.0066461907068855255,0.17322623158801467,0.03372492834680359,0.01661222605854482,0.25172406615403503,0.3768888888888889
R07,lhs,89,29.96423437052695,27.659293265101798,0.05000000000000002,1.4115450167633,0.7239010177300876,0.013853845921922311,0.7201572316898625,0.00516248206952692,0.17330892069811382,0.03407347492753798,0.016683530140808665,0.24664468560874914,0.38255555555555554
R07,lhs,90,29.96423437052695,29.96423437052695,0.0,1.4189774497560372,0.7262763396420303,0.012979015222706307,0.7221641117075562,0.006485044340020355,0.17448204636910702,0.03453807565858172,0.017211955084686797,0.23894353920580957,0.3912222222222222
R07,lhs,91,32.269175475952096,2.3049411054251503,0.6499999999999999,1.2776601648574306,0.7564044753632974,0.013777650471534595,0.7485461014022621,0.006268895730849013,0.16486782562320673,0.03059807071098977,0.013580015099642634,0.3656770143072487,0.2864074074074074
R07,lhs,92,32.269175475952096,4.6098822108503,0.5999999999999999,1.3139039007732016,0.7420837663698662,0.013006563679025222,0.7416254729251223,0.004701997171235589,0.1657651884526339,0.0309913077768048,0.01387664877752036,0.3469362395506059,0.29844444444444446
R07,lhs,93,32.269175475952096,6.91482331627545,0.5499999999999998,1.3384145955438354,0.7424283744586494,0.01409710572414052,0.7364012124279685,0.0062842237151064665,0.16672863935903673,0.031275600340328565,0.014258544046209114,0.3319558941910589,0.303074074074074
R07,lhs,94,32.269175475952096,9.2197644217006,0.49999999999999994,1.3508992458924014,0.7395822071628174,0.012048256856206568,0.7312767209792704,0.005782327513602496,0.16790848204198172,0.03204210046601306,0.015378743589669338,0.3067973094260202,0.3127037037037036
R07,lhs,95,32.269175475952096,11.52470552712575,0.4499999999999999,1.3620097415480212,0.7345246500188529,0.011693869635336833,0.7286913111247665,0.0062371082683224475,0.16889518498219536,0.03226398478007766,0.015250149044320196,0.29859185480918576,0.319
R07,lhs,96,32.269175475952096,13.8296466325509,0.3999999999999999,1.3724722381461378,0.7277310687864877,0.012955138738793974,0.7235981758333161,0.006624767934111787,0.1694881676366778,0.03261058096254445,0.015766055137035058,0.2829267004180028,0.3255555555555556
R07,lhs,97,32.269175475952096,16.134587737976048,0.35,1.3798446833151445,0.7241248179030476,0.011320032645651987,0.724162385121139,0.00641300157056238,0.16983630937862762,0.03287906837259972,0.0158128809634402,0.279047302636089,0.32970370370370367
R07,lhs,98,32.269175475952096,18.4395288434012,0.29999999999999993,1.38786323080921,0.7253061380297343,0.013060950479496162,0.7232241635782085,0.006699218487589552,0.17177859707927434,0.03350256136759751,0.01617018919527632,0.26403195009858116,0.33492592592592596
R07,lhs,99,32.269175475952096,20.74446994882635,0.24999999999999992,1.3956758356508434,0.7271528067560293,0.012050346669998404,0.7177056126481325,0.005915838557108329,0.17146616849043786,0.033417624579131514,0.016472922518356775,0.256360399543866,0.34059259259259256
R07,lhs,100,32.269175475952096,23.0494110542515,0.1999999999999999,1.4034018772516597,0.7240057355958297,0.013350061039218816,0.7182295743780283,0.006508235025181582,0.17276940766451476,0.03399271970445184,0.0168254829331368,0.24524126072768138,0.3471481481481481
R07,lhs,101,32.269175475952096,25.35435215967665,0.14999999999999988,1.412027963818134,0.719279615105725,0.01327875811848209,0.717396880696995,0.006081010585726741,0.17386958712938824,0.03421979862545602,0.017325162674910785,0.23706072169962725,0.35514814814814816
R07,lhs,102,32.269175475952096,27.659293265101798,0.09999999999999995,1.4186572021056063,0.7239897234681094,0.014008639907657276,0.7199471213401151,0.005709136016441084,0.17508232253467132,0.03478496723305012,0.017355891124806604,0.2304732150220044,0.36159259259259263
R07,lhs,103,32.269175475952096,29.96423437052695,0.04999999999999994,1.4260635647633064,0.7206762742015761,0.01339585366637406,0.7188120254566865,0.005740851569300805,0.17499282977148736,0.034878930817963186,0.01744320498114821,0.2271674259060995,0.3661481481481481
R07,lhs,104,32.269175475952096,32.269175475952096,0.0,1.4331630155734107,0.7242123410029516,0.013577279216494282,0.7185469037074449,0.005528165192519161,0.17607020886132083,0.03502376078453372,0.01794361188801134,0.22110377533438957,0.37362962962962953
R07,lhs,105,34.57411658137725,2.3049411054251503,0.7,1.2847220160344701,0.7545927630454297,0.012116402625534397,0.7484990966636222,0.005722950020955472,0.16646732494075397,0.03129705970958035,0.014253355186040949,0.3501950389433632,0.27355555555555555
R07,lhs,106,34.57411658137725,4.6098822108503,0.6499999999999999,1.3215304304266684,0.744910863063179,0.014585937973133607,0.7406867854808414,0.006015380930790636,0.16733979970480498,0.03180153375098583,0.014788879806520544,0.32758908762371064,0.27996296296296297
R07,lhs,107,34.57411658137725,6.91482331627545,0.5999999999999999,1.346200121808298,0.7379014428522969,0.01087397818606714,0.7364117975656832,0.005338434838273557,0.1687805554455988,0.032099955356126454,0.015196667260720515,0.313007723358095,0.289962962962963
R07,lhs,108,34.57411658137725,9.2197644217006,0.5499999999999999,1.3586930686460248,0.7355328869913261,0.010526291001885135,0.7314470814041948,0.005664128663907782,0.16958853609648358,0.032596119434273124,0.015449682381731833,0.29595481192446155,0.29585185185185187
R07,lhs,109,34.57411658137725,11.52470552712575,0.49999999999999994,1.3697696319277504,0.730029018677237,0.011505478812715469,0.7280571468347764,0.005512743373295192,0.17004584643095388,0.03299324084341093,0.015864882223695843,0.28266809953798533,0.2996296296296296
R07,lhs,110,34.57411658137725,13.8296466325509,0.4499999999999999,1.380168081657787,0.7318546033477926,0.0135310678621491,0.7254852368087784,0.0065516407527717565,0.1713832099375054,0.03326327571385357,0.016380727605449775,0.2708174403250578,0.30611111111111106
R07,lhs,111,34.57411658137725,16.134587737976048,0.39999999999999997,1.3874805186900723,0.7220803404071997,0.01385657553798461,0.722978460832919,0.005786137135235336,0.1719730852359825,0.033723019613784454,0.016917340984102688,0.25726193930331154,0.3104074074074074
R07,lhs,112,34.57411658137725,18.4395288434012,0.35,1.3954243431837563,0.7240054195830513,0.01363493860364032,0.7206616050753847,0.005602882947812539,0.17204286451880565,0.033931864519854464,0.016707967191768622,0.25133356157059367,0.31370370370370376
R07,lhs,113,34.57411658137725,20.74446994882635,0.29999999999999993,1.4031591732516813,0.7223806761592243,0.013521111570717776,0.719370492983335,0.006076388741358542,0.17267360109141353,0.03421189277205609,0.017059402786675112,0.2429312010484332,0.3201111111111111
R07,lhs,114,34.57411658137725,23.0494110542515,0.24999999999999992,1.410807928965531,0.7247447412392948,0.013042634841589774,0.7179688811553576,0.005979292521710239,0.17464426949832157,0.03461598742605156,0.0177318689983895,0.2292875337170813,0.3262222222222223
R07,lhs,115,34.57411658137725,25.35435215967665,0.1999999999999999,1.4193526552219933,0.7217017009261503,0.012796072013584684,0.7147563312703614,0.005512246443495624,0.17499090610085838,0.03480941773584224,0.017827445546223994,0.2206875769156978,0.3298518518518519
R07,lhs,116,34.57411658137725,27.659293265101798,0.14999999999999997,1.4259268313434998,0.7202114099063761,0.013877234577753564,0.7171166799098045,0.006426859863725056,0.1757162164990169,0.035089908504908604,0.017789322183868417,0.21907548971796822,0.3362222222222223
R07,lhs,117,34.57411658137725,29.96423437052695,0.09999999999999995,1.4332841548180224,0.7175555412848222,0.012615761719780865,0.7183330778108786,0.006034337994141284,0.17706737329814873,0.03559052129872215,0.01844311693845479,0.20891088036022112,0.34392592592592597
R07,lhs,118,34.57411658137725,32.269175475952096,0.05000000000000002,1.4403550381658319,0.7214236866332416,0.013417664837854863,0.717885479504466,0.005575943191028593,0.17731968493169858,0.03563932053037344,0.01848410782827457,0.20697501617253725,0.3502962962962963
R07,lhs,119,34.57411658137725,34.57411658137725,0.0,1.4469881800392905,0.7204040775748001,0.01246574359231021,0.7198978893208702,0.0061777238626037,0.17856640964584758,0.03622640161393962,0.0190817364561487,0.19707471171607588,0.3535185185185185
R07,lhs,120,36.8790576868024,2.3049411054251503,0.7499999999999999,1.2923338523415562,0.747607352522601,0.013281693580412072,0.7439516309350573,0.006235119887735823,0.16780900361301876,0.031914633402928,0.015441491156712063,0.32763877017045434,0.25625925925925924
R07,lhs,121,36.8790576868024,4.6098822108503,0.7,1.3297116658714556,0.7444633309152132,0.011912609020978073,0.7374036249578414,0.005931923437233231,0.1695382131051497,0.03243081597472658,0.015797136573096098,0.30614326282399074,0.26388888888888884
R07,lhs,122,36.8790576868024,6.91482331627545,0.6499999999999999,1.3545327011379928,0.736946099514278,0.013287502242746,0.7337656747298837,0.005896194352790907,0.17066636718860234,0.03298493856832948,0.016099603204312064,0.2895454885955988,0.2708148148148148
R07,lhs,123,36.8790576868024,9.2197644217006,0.6,1.3670276118105351,0.7358553319958545,0.010790968934798254,0.7290782093909145,0.006378783423734153,0.17141066981821265,0.033631674762161015,0.016338088146266326,0.27079961890909193,0.27544444444444444
R07,lhs,124,36.8790576868024,11.52470552712575,0.5499999999999999,1.3780631391464446,0.7325667779617467,0.013373148998987916,0.7253896141670307,0.006067024667177827,0.17167383283980103,0.03370235446926646,0.0167781166443248,0.2621603627097188,0.27825925925925926
R07,lhs,125,36.8790576868024,13.8296466325509,0.49999999999999994,1.3883890899814573,0.7274642199945098,0.012528779869408455,0.7234946831891812,0.006054497651852231,0.17216107347876825,0.03398113727702428,0.01696721506211674,0.25369495423358746,0.2828888888888889
R07,lhs,126,36.8790576868024,16.134587737976048,0.45,1.3956340853868037,0.7265603092407644,0.01369577949415218,0.7220205935244504,0.006840658528231478,0.1740389003121379,0.034529558757622515,0.017571356608913895,0.23817286138755125,0.2917037037037037
R07,lhs,127,36.8790576868024,18.4395288434012,0.39999999999999997,1.4034932220521368,0.7267983170476505,0.012081740331581799,0.7184223559984937,0.006061235032095846,0.17402815203153768,0.03438904584321747,0.017283563298241007,0.23597821175352748,0.29388888888888887
R07,lhs,128,36.8790576868024,20.74446994882635,0.35,1.41113819722964,0.717191571853011,0.01208415924280213,0.7176163886155366,0.005994088089808441,0.17517457078989424,0.035042025573061755,0.01796305772397156,0.22070450525441856,0.2982222222222222
R07,lhs,129,36.8790576868024,23.0494110542515,0.29999999999999993,1.4186949159226045,0.7224090974763575,0.012876168165202763,0.7149970611571449,0.0069179431142618,0.17553214803326647,0.034961424299251795,0.0177209557045515,0.21835569199486604,0.303037037037037
R07,lhs,130,36.8790576868024,25.35435215967665,0.24999999999999992,1.4271378466509719,0.7217583136806454,0.013971963988489195,0.7148346183872883,0.006453278900861765,0.17688339602134892,0.03560290379828717,0.018444534350009572,0.20374731758511588,0.3085555555555555
R07,lhs,131,36.8790576868024,27.659293265101798,0.19999999999999998,1.4336378598958501,0.7181278712484337,0.013267002195627773,0.7182324493739898,0.005722113742845499,0.1774387650319331,0.03579157902434484,0.01866884245680982,0.20433981703661447,0.31188888888888894
R07,lhs,132,36.8790576868024,29.96423437052695,0.14999999999999997,1.4409205661909459,0.7198728265278639,0.013337703302115573,0.7154725016371273,0.006239142544129747,0.17831995835408768,0.03596875358524165,0.018933792646793585,0.19522553508602297,0.3155555555555555
R07,lhs,133,36.8790576868024,32.269175475952096,0.10000000000000003,1.4479331656175811,0.7213215798690407,0.013970131022214373,0.7199278375174286,0.005555554869108096,0.1792583000006021,0.03674115811056426,0.019423924512996456,0.1870757222778551,0.3221481481481482
R07,lhs,134,36.8790576868024,34.57411658137725,0.05000000000000002,1.454530372254909,0.7232523493097356,0.013543909270297147,0.7151990164095096,0.00574667139860592,0.1794636168047242,0.03657740286097619,0.01938322440988186,0.18228273923713176,0.3274444444444445
R07,lhs,135,36.8790576868024,36.8790576868024,0.0,1.460556765288235,0.7222559994280681,0.014219580114715137,0.7185930677833583,0.005597023288396935,0.18001573348904124,0.03688930111656661,0.019966053419797916,0.1796811622500906,0.3313333333333333
R07,lhs,136,39.18399879222755,2.3049411054251503,0.7999999999999999,1.3012542611218234,0.7484282216288473,0.012165501782092272,0.7407542795629168,0.006922498639233823,0.17016239435096367,0.0327576970318522,0.016112790430370425,0.30414575068182115,0.23788888888888893
R07,lhs,137,39.18399879222755,4.6098822108503,0.7499999999999999,1.339236857788328,0.7407680171768442,0.01275884290361998,0.7383405549671547,0.006250819471201088,0.17190203960786482,0.033460959369912203,0.016411519283522233,0.28624379992605375,0.2436296296296296
R07,lhs,138,39.18399879222755,6.91482331627545,0.7,1.3641994610578085,0.7372793939996273,0.013607210079420177,0.7330972142366449,0.006129841417961228,0.1725556881251181,0.033864329713937866,0.01687773945035385,0.2695968987928033,0.25000000000000006
R07,lhs,139,39.18399879222755,9.2197644217006,0.65,1.376682077206861,0.7338475504313839,0.013356101724413733,0.7267751993699479,0.005915894641300583,0.17314320678402512,0.03394905902042675,0.017277019519579394,0.25646235734742745,0.25359259259259254
R07,lhs,140,39.18399879222755,11.52470552712575,0.6,1.3876586907263815,0.7305281066693972,0.013219591568084022,0.7230984736168281,0.005325236883868581,0.17391695782379796,0.03436879986969626,0.01758755356624456,0.2423238724739178,0.2577407407407407
R07,lhs,141,39.18399879222755,13.8296466325509,0.5499999999999999,1.3978906824744635,0.7255769509055237,0.014246381421919906,0.723706409696272,0.005216918592143706,0.17432066961376408,0.03477489054254965,0.01763030552466521,0.2363776229457602,0.26225925925925925
R07,lhs,142,39.18399879222755,16.134587737976048,0.5,1.4050502801083475,0.7282136218038514,0.01269770705034061,0.7200267716628896,0.006228250390518139,0.17562733783605974,0.035239781931376356,0.017941456979821455,0.2207555944564665,0.2656296296296296
R07,lhs,143,39.18399879222755,18.4395288434012,0.45,1.4128023903969975,0.7213659503834726,0.012409009452335524,0.7193116201324664,0.005615298103857836,0.17619611500089408,0.03549791136538064,0.018506646711933774,0.21283709187190789,0.2701851851851852
R07,lhs,144,39.18399879222755,20.74446994882635,0.39999999999999997,1.4203327750004053,0.7231785533762602,0.01407642058066995,0.7177625505958601,0.0066116436036118284,0.17666893699493086,0.035716992510225615,0.01872837885277692,0.2056854521852342,0.2721481481481482
R07,lhs,145,39.18399879222755,23.0494110542515,0.35,1.4277699241004056,0.7189227575172588,0.01247107340037607,0.7173736748397977,0.005947420422354574,0.17814585799326793,0.03604218208598187,0.019093907099441688,0.19663680375665316,0.27681481481481485
R07,lhs,146,39.18399879222755,25.35435215967665,0.29999999999999993,1.436076404222617,0.7154488658181559,0.012493413203134282,0.7141029440485815,0.006379173870213496,0.1779888059418542,0.03609323227377347,0.019081755332621166,0.191245280453368,0.2796296296296296
R07,lhs,147,39.18399879222755,27.659293265101798,0.25,1.4424725128945153,0.7196072178848483,0.012803535197692733,0.7151590755052356,0.005380141646096263,0.17907311417011795,0.03645889621511884,0.019522397256669318,0.18406455483891893,0.2847407407407408
R07,lhs,148,39.18399879222755,29.96423437052695,0.19999999999999998,1.4496437179080484,0.7258067911514152,0.014173006419676799,0.7150323255305496,0.0059142149814495615,0.18017203459456965,0.03686795164861753,0.019891345982455632,0.1747052339434623,0.2877037037037037
R07,lhs,149,39.18399879222755,32.269175475952096,0.15000000000000005,1.4565583958112889,0.7176859427259112,0.012070698272572677,0.7147309110210337,0.005571983610733606,0.18006508108979727,0.036931336576737576,0.020071269645640166,0.1727877626139633,0.2905185185185185
R07,lhs,150,39.18399879222755,34.57411658137725,0.10000000000000003,1.463077900213543,0.7232702186563811,0.013018344084038366,0.7138805308522215,0.005746078898771304,0.1805389109074211,0.03708413589591939,0.020238000063621416,0.16788347151606614,0.2974444444444444
R07,lhs,151,39.18399879222755,36.8790576868024,0.05000000000000002,1.469053341636628,0.7259108228470026,0.014169030057283104,0.7177440866909277,0.005705298379611017,0.18124337391990455,0.03740639798896047,0.020614484737617476,0.1663761321601532,0.3008888888888889
R07,lhs,152,39.18399879222755,39.18399879222755,0.0,1.4743457202208698,0.7260505032918726,0.014168350721665076,0.7186344441476264,0.006821419928294263,0.18215481794885566,0.037777112434788415,0.020721175177306764,0.16038278326353023,0.30511111111111117
R07,lhs,153,41.4889398976527,2.3049411054251503,0.85,1.3136091555477498,0.746976183623618,0.013585662940347134,0.7424774742865402,0.006788609609020076,0.1733083577324783,0.0340366029027246,0.0173394198387889,0.27822419970341883,0.21462962962962967
R07,lhs,154,41.4889398976527,4.6098822108503,0.7999999999999999,1.3522934862556837,0.7406725735349259,0.010993872283004883,0.7361172390509788,0.0053019399174967265,0.17402311291785644,0.03432258126996468,0.017972348372369443,0.2609459238848016,0.22074074074074077
R07,lhs,155,41.4889398976527,6.91482331627545,0.7499999999999999,1.3773686517790344,0.7360578280501322,0.012260253679929101,0.7323892983337752,0.006428450488534807,0.17581415239501533,0.03516425013395064,0.018376653051007167,0.23852286150370033,0.2265185185185185
R07,lhs,156,41.4889398976527,9.2197644217006,0.7,1.38979744652039,0.7316549204804085,0.013035006931477503,0.7271576131322545,0.0063419971288045185,0.1759130499253018,0.03510211789786282,0.01840703832981251,0.23134393230383202,0.2295185185185185
R07,lhs,157,41.4889398976527,11.52470552712575,0.65,1.4006636322681216,0.7267733663928333,0.014768023350238451,0.7263389709926937,0.005892947485611276,0.17649624624291457,0.035727721658731636,0.018693050403874232,0.21878265897569213,0.23248148148148146
R07,lhs,158,41.4889398976527,13.8296466325509,0.6,1.4107411989265075,0.7257108162435417,0.013879992868524685,0.7221555765994506,0.005580600315056557,0.17751547877088925,0.03586939882679345,0.0189958079512195,0.20771653413340926,0.23714814814814808
R07,lhs,159,41.4889398976527,16.134587737976048,0.55,1.4177662962126756,0.7224766832895834,0.013752858359254584,0.7194100161149976,0.005683612961091012,0.1776045318774421,0.03602389008420484,0.01936820420765043,0.1997495450000686,0.23874074074074073
R07,lhs,160,41.4889398976527,18.4395288434012,0.5,1.4253523799181267,0.7209836904606047,0.01337671718662058,0.7195246315369076,0.005697972922884927,0.17897573272525508,0.03640406480496954,0.01968874200607168,0.1909586898497842,0.2424444444444445
R07,lhs,161,41.4889398976527,20.74446994882635,0.45,1.432705534808373,0.7248788028931016,0.012482205339573225,0.7171506738214156,0.005528687150922607,0.17959467255700262,0.03674109250619881,0.01983612828843246,0.1808596906748474,0.24455555555555555
R07,lhs,162,41.4889398976527,23.0494110542515,0.39999999999999997,1.4399565392726925,0.7192143397867456,0.014697391280423662,0.7175041505125456,0.005749348022574414,0.1795589654927442,0.03684036015365041,0.020141471013958863,0.17880910392909674,0.24970370370370365
R07,lhs,163,41.4889398976527,25.35435215967665,0.35,1.4480471011634517,0.7191682663399732,0.01352080199453834,0.7161768159138374,0.006005354130687178,0.18036378652991983,0.03708108409046676,0.020390812267869696,0.17106380157506054,0.2519259259259259
R07,lhs,164,41.4889398976527,27.659293265101798,0.3,1.4542746413108285,0.7215366713368904,0.013815639002796145,0.716306742283132,0.006774119841016584,0.18119921092944064,0.03759701843775939,0.02041258235352752,0.1621835484217295,0.25585185185185183
R07,lhs,165,41.4889398976527,29.96423437052695,0.25,1.4612583659819647,0.7201589212788975,0.014365768784288786,0.7158337982632115,0.00662007523053555,0.18146836622863552,0.037381312076423236,0.020789948864415462,0.16289097823780938,0.25825925925925924
R07,lhs,166,41.4889398976527,32.269175475952096,0.20000000000000007,1.4679984017024117,0.7221127760218266,0.014690971170008168,0.7149516666155568,0.0056868973014075315,0.18235069014504518,0.037980164953471535,0.020923943854099382,0.15075717170584652,0.2604814814814815
R07,lhs,167,41.4889398976527,34.57411658137725,0.15000000000000005,1.4743647095118941,0.7245022565312016,0.014580137191189151,0.7143084598055575,0.006024350270086653,0.1829402861580157,0.03807368466148311,0.021193655437442352,0.14649310370089913,0.2657407407407407
R07,lhs,168,41.4889398976527,36.8790576868024,0.10000000000000003,1.4802172238769222,0.7200922040979915,0.014797756212642253,0.7160076327612114,0.0062059124259958316,0.18302619884083468,0.03816623655157858,0.02122405324077066,0.14741086383464838,0.2658148148148148
R07,lhs,169,41.4889398976527,39.18399879222755,0.05000000000000002,1.4854247225060309,0.7224252999468832,0.01376541224358154,0.7193168897227945,0.00696912080506671,0.18378544583954665,0.038591658584396796,0.02164800527042384,0.14326409633568818,0.2716296296296296
R07,lhs,170,41.4889398976527,41.4889398976527,0.0,1.4898869009141227,0.7203046710831574,0.013837401727978867,0.7178831902637204,0.006057663922912142,0.18401022346694298,0.03853808012659908,0.022066760915656236,0.14000922796152007,0.2723333333333333
R07,lhs,171,43.79388100307785,2.3049411054251503,0.9,1.3380029167748257,0.743929406428511,0.011866350807869871,0.7372837757021365,0.006126744601351185,0.17551565997668309,0.03474643418323238,0.01827022854572951,0.25298085029200706,0.19562962962962965
R07,lhs,172,43.79388100307785,4.6098822108503,0.85,1.3775383621481057,0.7353107824344004,0.015108069569519938,0.7328735934272099,0.005782591161858377,0.17616364643377982,0.03548673659243737,0.01868293970480735,0.23273830986894317,0.20111111111111113
R07,lhs,173,43.79388100307785,6.91482331627545,0.7999999999999999,1.402503062539435,0.7354742919513726,0.01300018048912368,0.7301725436109603,0.006655656719238696,0.1779595148509207,0.03604542422057507,0.019285982264157644,0.21534855883615464,0.2043333333333333
R07,lhs,174,43.79388100307785,9.2197644217006,0.7500000000000001,1.4146760805453296,0.7296336411386517,0.012711607298621782,0.7250540441996131,0.005791867543528597,0.17815843635399833,0.03618439050788571,0.019474695212892877,0.20457861858953716,0.20877777777777776
R07,lhs,175,43.79388100307785,11.52470552712575,0.7,1.4252058495221704,0.728942383894043,0.013644196983502964,0.7253376413266229,0.00633165675928428,0.17896842357136972,0.03666480896354884,0.02007489944054443,0.1943304292565789,0.2112962962962963
R07,lhs,176,43.79388100307785,13.8296466325509,0.65,1.4348797552638692,0.7278487467587015,0.01347456272136908,0.723077474077249,0.006092743039384974,0.17961590156282053,0.03685247373477437,0.020094757146286082,0.18707841844708342,0.21299999999999997
R07,lhs,177,43.79388100307785,16.134587737976048,0.6,1.4415758969368317,0.720249992312222,0.011294151247188071,0.7174582002036457,0.0064827207247551005,0.1800647877134955,0.03702470115862871,0.020403082220372716,0.17423459102085836,0.2162222222222222
R07,lhs,178,43.79388100307785,18.4395288434012,0.55,1.4487691367290516,0.7244971113045371,0.013334937445425398,0.7197056766005577,0.006041342667621911,0.18108958102144884,0.037447437564047774,0.020281291129304213,0.17018366892861414,0.21703703703703703
R07,lhs,179,43.79388100307785,20.74446994882635,0.5,1.4557107898909438,0.7227914421297194,0.011404001644891557,0.7181749191296599,0.006278413085391457,0.18104431044570654,0.03742933861347989,0.020818795843203022,0.16621067480520071,0.2215185185185185
R07,lhs,180,43.79388100307785,23.0494110542515,0.45,1.4625328585371418,0.7181269334907909,0.012964635615537979,0.7144481688208334,0.007321399330568139,0.18139173936550546,0.03743962475385879,0.020612939604560464,0.1607162375682861,0.22440740740740742
R07,lhs,181,43.79388100307785,25.35435215967665,0.39999999999999997,1.4701250650724005,0.7208169491252676,0.014214206369888498,0.7144954547673888,0.005880527953087646,0.18252915974347997,0.038039473304301276,0.021269116780514304,0.14762064788970328,0.226
R07,lhs,182,43.79388100307785,27.659293265101798,0.35000000000000003,1.4759597141862324,0.7173730077693264,0.015277896980665845,0.7165865020080614,0.006480749363614969,0.18327420180219214,0.03816110893823901,0.021502452796638767,0.14694000738443794,0.22974074074074075
R07,lhs,183,43.79388100307785,29.96423437052695,0.3,1.48249853384558,0.720414981673887,0.01485253786059336,0.7160064312953607,0.006030853471063597,0.18411345843220167,0.038450807994939426,0.021604456156002608,0.14008197296879013,0.23051851851851848
R07,lhs,184,43.79388100307785,32.269175475952096,0.25000000000000006,1.488810897604934,0.7214772560691373,0.01482350145346277,0.7164490846016818,0.0062029475503170275,0.18422356617182378,0.038510589971403955,0.021869809901714644,0.13868877284461226,0.2340740740740741
R07,lhs,185,43.79388100307785,34.57411658137725,0.20000000000000007,1.4947823364300536,0.7231949563744493,0.01583128517668542,0.717039204227118,0.006322474246439167,0.18515253594011885,0.03901504995264738,0.022309665496513933,0.1289626574704095,0.23633333333333337
R07,lhs,186,43.79388100307785,36.8790576868024,0.15000000000000005,1.5002892285601002,0.7225229315655135,0.016201657994761157,0.7160721128123727,0.006333526584208601,0.18510429017372426,0.03908991145842356,0.022409129055454006,0.1260880400619579,0.2388148148148148
R07,lhs,187,43.79388100307785,39.18399879222755,0.10000000000000003,1.5052154860957758,0.7213303808137539,0.013943674342155129,0.7161224529373319,0.005795615936246247,0.18510623058373663,0.03914512173421596,0.022483706475888543,0.12505266241116128,0.24162962962962967
R07,lhs,188,43.79388100307785,41.4889398976527,0.05000000000000002,1.5094715954559983,0.7238182997448503,0.014169382623571605,0.7185475863881593,0.0068378639350293305,0.1854963147269234,0.03936888171873729,0.022651731078204142,0.12411860202405188,0.24222222222222223
R07,lhs,189,43.79388100307785,43.79388100307785,0.0,1.5130144977469315,0.7209978387387915,0.014665448315786053,0.7189843612354238,0.006734596435404611,0.18580286376739752,0.03921177740619504,0.022750394380556538,0.12630085054608903,0.24381481481481482
