scenario_id,rho,qH,tau,method,init_index,selected_idx,alpha_on,alpha_off,n,viol_H,viol_L,upper_H,upper_L,certified,mean_B_H,mean_B_L,mean_W,mean_cloud_fraction,mean_op_cost,p95_B_H,p95_B_L
R15H01,0.7,0.2,0.5,Exhaustive-training,-1,0,2.0,2.0,150,123,60,0.8779003724223797,0.4830686918302443,0,0.05423497102926556,0.04718733157834336,0.19918471630646645,0.5480058241417418,0.5778835315877118,0.13513513513513514,0.09520654414290619
R15H01,0.7,0.2,0.5,DR-BGS,0,0,2.0,2.0,150,123,60,0.8779003724223797,0.4830686918302443,0,0.05423497102926556,0.04718733157834336,0.19918471630646645,0.5480058241417418,0.5778835315877118,0.13513513513513514,0.09520654414290619
R15H01,0.7,0.2,0.5,DR-BGS,1,0,2.0,2.0,150,123,60,0.8779003724223797,0.4830686918302443,0,0.05423497102926556,0.04718733157834336,0.19918471630646645,0.5480058241417418,0.5778835315877118,0.13513513513513514,0.09520654414290619
R15H01,0.7,0.2,0.5,DR-BGS,2,0,2.0,2.0,150,123,60,0.8779003724223797,0.4830686918302443,0,0.05423497102926556,0.04718733157834336,0.19918471630646645,0.5480058241417418,0.5778835315877118,0.13513513513513514,0.09520654414290619
R15H01,0.7,0.2,0.5,DR-BGS,3,0,2.0,2.0,150,123,60,0.8779003724223797,0.4830686918302443,0,0.05423497102926556,0.04718733157834336,0.19918471630646645,0.5480058241417418,0.5778835315877118,0.13513513513513514,0.09520654414290619
R15H01,0.7,0.2,0.5,DR-BGS,4,0,2.0,2.0,150,123,60,0.8779003724223797,0.4830686918302443,0,0.05423497102926556,0.04718733157834336,0.19918471630646645,0.5480058241417418,0.5778835315877118,0.13513513513513514,0.09520654414290619
R15H01,0.7,0.2,0.5,Guarded-GP,0,0,2.0,2.0,150,123,60,0.8779003724223797,0.4830686918302443,0,0.05423497102926556,0.04718733157834336,0.19918471630646645,0.5480058241417418,0.5778835315877118,0.13513513513513514,0.09520654414290619
R15H01,0.7,0.2,0.5,Guarded-GP,1,0,2.0,2.0,150,123,60,0.8779003724223797,0.4830686918302443,0,0.05423497102926556,0.04718733157834336,0.19918471630646645,0.5480058241417418,0.5778835315877118,0.13513513513513514,0.09520654414290619
R15H01,0.7,0.2,0.5,Guarded-GP,2,0,2.0,2.0,150,123,60,0.8779003724223797,0.4830686918302443,0,0.05423497102926556,0.04718733157834336,0.19918471630646645,0.5480058241417418,0.5778835315877118,0.13513513513513514,0.09520654414290619
R15H01,0.7,0.2,0.5,Guarded-GP,3,0,2.0,2.0,150,123,60,0.8779003724223797,0.4830686918302443,0,0.05423497102926556,0.04718733157834336,0.19918471630646645,0.5480058241417418,0.5778835315877118,0.13513513513513514,0.09520654414290619
R15H01,0.7,0.2,0.5,Guarded-GP,4,0,2.0,2.0,150,123,60,0.8779003724223797,0.4830686918302443,0,0.05423497102926556,0.04718733157834336,0.19918471630646645,0.5480058241417418,0.5778835315877118,0.13513513513513514,0.09520654414290619
R15H02,0.7,0.2,2.0,Exhaustive-training,-1,21,14.0,2.0,150,149,139,0.99983122885689,0.9628253852180945,0,0.14267584411904094,0.13673996334545777,0.31596401539561614,0.30900064595157145,0.35639524826091384,0.27347368421052626,0.25519086176980904
R15H02,0.7,0.2,2.0,DR-BGS,0,21,14.0,2.0,150,149,139,0.99983122885689,0.9628253852180945,0,0.14267584411904094,0.13673996334545777,0.31596401539561614,0.30900064595157145,0.35639524826091384,0.27347368421052626,0.25519086176980904
R15H02,0.7,0.2,2.0,DR-BGS,1,21,14.0,2.0,150,149,139,0.99983122885689,0.9628253852180945,0,0.14267584411904094,0.13673996334545777,0.31596401539561614,0.30900064595157145,0.35639524826091384,0.27347368421052626,0.25519086176980904
R15H02,0.7,0.2,2.0,DR-BGS,2,21,14.0,2.0,150,149,139,0.99983122885689,0.9628253852180945,0,0.14267584411904094,0.13673996334545777,0.31596401539561614,0.30900064595157145,0.35639524826091384,0.27347368421052626,0.25519086176980904
R15H02,0.7,0.2,2.0,DR-BGS,3,21,14.0,2.0,150,149,139,0.99983122885689,0.9628253852180945,0,0.14267584411904094,0.13673996334545777,0.31596401539561614,0.30900064595157145,0.35639524826091384,0.27347368421052626,0.25519086176980904
R15H02,0.7,0.2,2.0,DR-BGS,4,21,14.0,2.0,150,149,139,0.99983122885689,0.9628253852180945,0,0.14267584411904094,0.13673996334545777,0.31596401539561614,0.30900064595157145,0.35639524826091384,0.27347368421052626,0.25519086176980904
R15H02,0.7,0.2,2.0,Guarded-GP,0,21,14.0,2.0,150,149,139,0.99983122885689,0.9628253852180945,0,0.14267584411904094,0.13673996334545777,0.31596401539561614,0.30900064595157145,0.35639524826091384,0.27347368421052626,0.25519086176980904
R15H02,0.7,0.2,2.0,Guarded-GP,1,21,14.0,2.0,150,149,139,0.99983122885689,0.9628253852180945,0,0.14267584411904094,0.13673996334545777,0.31596401539561614,0.30900064595157145,0.35639524826091384,0.27347368421052626,0.25519086176980904
R15H02,0.7,0.2,2.0,Guarded-GP,2,21,14.0,2.0,150,149,139,0.99983122885689,0.9628253852180945,0,0.14267584411904094,0.13673996334545777,0.31596401539561614,0.30900064595157145,0.35639524826091384,0.27347368421052626,0.25519086176980904
R15H02,0.7,0.2,2.0,Guarded-GP,3,21,14.0,2.0,150,149,139,0.99983122885689,0.9628253852180945,0,0.14267584411904094,0.13673996334545777,0.31596401539561614,0.30900064595157145,0.35639524826091384,0.27347368421052626,0.25519086176980904
R15H02,0.7,0.2,2.0,Guarded-GP,4,21,14.0,2.0,150,149,139,0.99983122885689,0.9628253852180945,0,0.14267584411904094,0.13673996334545777,0.31596401539561614,0.30900064595157145,0.35639524826091384,0.27347368421052626,0.25519086176980904
R15H03,0.7,0.5,0.5,Exhaustive-training,-1,5,6.0,6.0,150,144,48,0.985181478885102,0.40100578566330813,0,0.09999846880418471,0.04064601547101048,0.25679294809301356,0.5826971172422191,0.6212160594561711,0.21728796210335874,0.09637931034482745
R15H03,0.7,0.5,0.5,DR-BGS,0,5,6.0,6.0,150,144,48,0.985181478885102,0.40100578566330813,0,0.09999846880418471,0.04064601547101048,0.25679294809301356,0.5826971172422191,0.6212160594561711,0.21728796210335874,0.09637931034482745
R15H03,0.7,0.5,0.5,DR-BGS,1,5,6.0,6.0,150,144,48,0.985181478885102,0.40100578566330813,0,0.09999846880418471,0.04064601547101048,0.25679294809301356,0.5826971172422191,0.6212160594561711,0.21728796210335874,0.09637931034482745
R15H03,0.7,0.5,0.5,DR-BGS,2,5,6.0,6.0,150,144,48,0.985181478885102,0.40100578566330813,0,0.09999846880418471,0.04064601547101048,0.25679294809301356,0.5826971172422191,0.6212160594561711,0.21728796210335874,0.09637931034482745
R15H03,0.7,0.5,0.5,DR-BGS,3,5,6.0,6.0,150,144,48,0.985181478885102,0.40100578566330813,0,0.09999846880418471,0.04064601547101048,0.25679294809301356,0.5826971172422191,0.6212160594561711,0.21728796210335874,0.09637931034482745
R15H03,0.7,0.5,0.5,DR-BGS,4,5,6.0,6.0,150,144,48,0.985181478885102,0.40100578566330813,0,0.09999846880418471,0.04064601547101048,0.25679294809301356,0.5826971172422191,0.6212160594561711,0.21728796210335874,0.09637931034482745
R15H03,0.7,0.5,0.5,Guarded-GP,0,5,6.0,6.0,150,144,48,0.985181478885102,0.40100578566330813,0,0.09999846880418471,0.04064601547101048,0.25679294809301356,0.5826971172422191,0.6212160594561711,0.21728796210335874,0.09637931034482745
R15H03,0.7,0.5,0.5,Guarded-GP,1,5,6.0,6.0,150,144,48,0.985181478885102,0.40100578566330813,0,0.09999846880418471,0.04064601547101048,0.25679294809301356,0.5826971172422191,0.6212160594561711,0.21728796210335874,0.09637931034482745
R15H03,0.7,0.5,0.5,Guarded-GP,2,5,6.0,6.0,150,144,48,0.985181478885102,0.40100578566330813,0,0.09999846880418471,0.04064601547101048,0.25679294809301356,0.5826971172422191,0.6212160594561711,0.21728796210335874,0.09637931034482745
R15H03,0.7,0.5,0.5,Guarded-GP,3,5,6.0,6.0,150,144,48,0.985181478885102,0.40100578566330813,0,0.09999846880418471,0.04064601547101048,0.25679294809301356,0.5826971172422191,0.6212160594561711,0.21728796210335874,0.09637931034482745
R15H03,0.7,0.5,0.5,Guarded-GP,4,5,6.0,6.0,150,144,48,0.985181478885102,0.40100578566330813,0,0.09999846880418471,0.04064601547101048,0.25679294809301356,0.5826971172422191,0.6212160594561711,0.21728796210335874,0.09637931034482745
R15H04,0.7,0.5,2.0,Exhaustive-training,-1,5,6.0,6.0,150,150,133,1.0,0.9325758603520913,0,0.17353499511255943,0.13296334772268234,0.33745610520371316,0.3714377494746198,0.4220561652551768,0.3259907889952733,0.2672512541806019
R15H04,0.7,0.5,2.0,DR-BGS,0,5,6.0,6.0,150,150,133,1.0,0.9325758603520913,0,0.17353499511255943,0.13296334772268234,0.33745610520371316,0.3714377494746198,0.4220561652551768,0.3259907889952733,0.2672512541806019
R15H04,0.7,0.5,2.0,DR-BGS,1,5,6.0,6.0,150,150,133,1.0,0.9325758603520913,0,0.17353499511255943,0.13296334772268234,0.33745610520371316,0.3714377494746198,0.4220561652551768,0.3259907889952733,0.2672512541806019
R15H04,0.7,0.5,2.0,DR-BGS,2,5,6.0,6.0,150,150,133,1.0,0.9325758603520913,0,0.17353499511255943,0.13296334772268234,0.33745610520371316,0.3714377494746198,0.4220561652551768,0.3259907889952733,0.2672512541806019
R15H04,0.7,0.5,2.0,DR-BGS,3,5,6.0,6.0,150,150,133,1.0,0.9325758603520913,0,0.17353499511255943,0.13296334772268234,0.33745610520371316,0.3714377494746198,0.4220561652551768,0.3259907889952733,0.2672512541806019
R15H04,0.7,0.5,2.0,DR-BGS,4,5,6.0,6.0,150,150,133,1.0,0.9325758603520913,0,0.17353499511255943,0.13296334772268234,0.33745610520371316,0.3714377494746198,0.4220561652551768,0.3259907889952733,0.2672512541806019
R15H04,0.7,0.5,2.0,Guarded-GP,0,5,6.0,6.0,150,150,133,1.0,0.9325758603520913,0,0.17353499511255943,0.13296334772268234,0.33745610520371316,0.3714377494746198,0.4220561652551768,0.3259907889952733,0.2672512541806019
R15H04,0.7,0.5,2.0,Guarded-GP,1,5,6.0,6.0,150,150,133,1.0,0.9325758603520913,0,0.17353499511255943,0.13296334772268234,0.33745610520371316,0.3714377494746198,0.4220561652551768,0.3259907889952733,0.2672512541806019
R15H04,0.7,0.5,2.0,Guarded-GP,2,5,6.0,6.0,150,150,133,1.0,0.9325758603520913,0,0.17353499511255943,0.13296334772268234,0.33745610520371316,0.3714377494746198,0.4220561652551768,0.3259907889952733,0.2672512541806019
R15H04,0.7,0.5,2.0,Guarded-GP,3,5,6.0,6.0,150,150,133,1.0,0.9325758603520913,0,0.17353499511255943,0.13296334772268234,0.33745610520371316,0.3714377494746198,0.4220561652551768,0.3259907889952733,0.2672512541806019
R15H04,0.7,0.5,2.0,Guarded-GP,4,5,6.0,6.0,150,150,133,1.0,0.9325758603520913,0,0.17353499511255943,0.13296334772268234,0.33745610520371316,0.3714377494746198,0.4220561652551768,0.3259907889952733,0.2672512541806019
R15H05,0.7,0.8,0.5,Exhaustive-training,-1,0,2.0,2.0,150,150,21,1.0,0.20601068913654932,0,0.19938670492503002,0.022219383666226927,0.37651065257255556,0.7323438577896695,0.7888204556755529,0.33269676880817645,0.08431257344300813
R15H05,0.7,0.8,0.5,DR-BGS,0,0,2.0,2.0,150,150,21,1.0,0.20601068913654932,0,0.19938670492503002,0.022219383666226927,0.37651065257255556,0.7323438577896695,0.7888204556755529,0.33269676880817645,0.08431257344300813
R15H05,0.7,0.8,0.5,DR-BGS,1,0,2.0,2.0,150,150,21,1.0,0.20601068913654932,0,0.19938670492503002,0.022219383666226927,0.37651065257255556,0.7323438577896695,0.7888204556755529,0.33269676880817645,0.08431257344300813
R15H05,0.7,0.8,0.5,DR-BGS,2,0,2.0,2.0,150,150,21,1.0,0.20601068913654932,0,0.19938670492503002,0.022219383666226927,0.37651065257255556,0.7323438577896695,0.7888204556755529,0.33269676880817645,0.08431257344300813
R15H05,0.7,0.8,0.5,DR-BGS,3,0,2.0,2.0,150,150,21,1.0,0.20601068913654932,0,0.19938670492503002,0.022219383666226927,0.37651065257255556,0.7323438577896695,0.7888204556755529,0.33269676880817645,0.08431257344300813
R15H05,0.7,0.8,0.5,DR-BGS,4,0,2.0,2.0,150,150,21,1.0,0.20601068913654932,0,0.19938670492503002,0.022219383666226927,0.37651065257255556,0.7323438577896695,0.7888204556755529,0.33269676880817645,0.08431257344300813
R15H05,0.7,0.8,0.5,Guarded-GP,0,0,2.0,2.0,150,150,21,1.0,0.20601068913654932,0,0.19938670492503002,0.022219383666226927,0.37651065257255556,0.7323438577896695,0.7888204556755529,0.33269676880817645,0.08431257344300813
R15H05,0.7,0.8,0.5,Guarded-GP,1,0,2.0,2.0,150,150,21,1.0,0.20601068913654932,0,0.19938670492503002,0.022219383666226927,0.37651065257255556,0.7323438577896695,0.7888204556755529,0.33269676880817645,0.08431257344300813
R15H05,0.7,0.8,0.5,Guarded-GP,2,0,2.0,2.0,150,150,21,1.0,0.20601068913654932,0,0.19938670492503002,0.022219383666226927,0.37651065257255556,0.7323438577896695,0.7888204556755529,0.33269676880817645,0.08431257344300813
R15H05,0.7,0.8,0.5,Guarded-GP,3,0,2.0,2.0,150,150,21,1.0,0.20601068913654932,0,0.19938670492503002,0.022219383666226927,0.37651065257255556,0.7323438577896695,0.7888204556755529,0.33269676880817645,0.08431257344300813
R15H05,0.7,0.8,0.5,Guarded-GP,4,0,2.0,2.0,150,150,21,1.0,0.20601068913654932,0,0.19938670492503002,0.022219383666226927,0.37651065257255556,0.7323438577896695,0.7888204556755529,0.33269676880817645,0.08431257344300813
R15H06,0.7,0.8,2.0,Exhaustive-training,-1,9,8.0,8.0,150,150,111,1.0,0.8081241822330423,0,0.2411821022112497,0.11464922892001274,0.41819623360059005,0.4795045785469004,0.5422340135869888,0.3828071182548794,0.2658670033670033
R15H06,0.7,0.8,2.0,DR-BGS,0,1,4.0,2.0,150,150,102,1.0,0.7537304842875724,0,0.23275340474332637,0.09382792507039112,0.4104996821054639,0.5565538638540695,0.618128816169889,0.3746773441144456,0.28114978902953575
R15H06,0.7,0.8,2.0,DR-BGS,1,1,4.0,2.0,150,150,102,1.0,0.7537304842875724,0,0.23275340474332637,0.09382792507039112,0.4104996821054639,0.5565538638540695,0.618128816169889,0.3746773441144456,0.28114978902953575
R15H06,0.7,0.8,2.0,DR-BGS,2,1,4.0,2.0,150,150,102,1.0,0.7537304842875724,0,0.23275340474332637,0.09382792507039112,0.4104996821054639,0.5565538638540695,0.618128816169889,0.3746773441144456,0.28114978902953575
R15H06,0.7,0.8,2.0,DR-BGS,3,1,4.0,2.0,150,150,102,1.0,0.7537304842875724,0,0.23275340474332637,0.09382792507039112,0.4104996821054639,0.5565538638540695,0.618128816169889,0.3746773441144456,0.28114978902953575
R15H06,0.7,0.8,2.0,DR-BGS,4,1,4.0,2.0,150,150,102,1.0,0.7537304842875724,0,0.23275340474332637,0.09382792507039112,0.4104996821054639,0.5565538638540695,0.618128816169889,0.3746773441144456,0.28114978902953575
R15H06,0.7,0.8,2.0,Guarded-GP,0,1,4.0,2.0,150,150,102,1.0,0.7537304842875724,0,0.23275340474332637,0.09382792507039112,0.4104996821054639,0.5565538638540695,0.618128816169889,0.3746773441144456,0.28114978902953575
R15H06,0.7,0.8,2.0,Guarded-GP,1,13,10.0,8.0,150,150,101,1.0,0.7475955847990066,0,0.24002307863843014,0.09807854209297716,0.41751902346474695,0.4990198243095155,0.5616476778292275,0.3795908922621247,0.23076923076923078
R15H06,0.7,0.8,2.0,Guarded-GP,2,9,8.0,8.0,150,150,111,1.0,0.8081241822330423,0,0.2411821022112497,0.11464922892001274,0.41819623360059005,0.4795045785469004,0.5422340135869888,0.3828071182548794,0.2658670033670033
R15H06,0.7,0.8,2.0,Guarded-GP,3,9,8.0,8.0,150,150,111,1.0,0.8081241822330423,0,0.2411821022112497,0.11464922892001274,0.41819623360059005,0.4795045785469004,0.5422340135869888,0.3828071182548794,0.2658670033670033
R15H06,0.7,0.8,2.0,Guarded-GP,4,9,8.0,8.0,150,150,111,1.0,0.8081241822330423,0,0.2411821022112497,0.11464922892001274,0.41819623360059005,0.4795045785469004,0.5422340135869888,0.3828071182548794,0.2658670033670033
R15H07,0.9,0.2,0.5,Exhaustive-training,-1,1,4.0,2.0,150,141,83,0.972200022205544,0.6344526531092491,0,0.0937353431643965,0.06554576329922893,0.24481420176439664,0.5861205720305166,0.6228427022951759,0.2139245585874799,0.15796511122697254
R15H07,0.9,0.2,0.5,DR-BGS,0,1,4.0,2.0,150,141,83,0.972200022205544,0.6344526531092491,0,0.0937353431643965,0.06554576329922893,0.24481420176439664,0.5861205720305166,0.6228427022951759,0.2139245585874799,0.15796511122697254
R15H07,0.9,0.2,0.5,DR-BGS,1,1,4.0,2.0,150,141,83,0.972200022205544,0.6344526531092491,0,0.0937353431643965,0.06554576329922893,0.24481420176439664,0.5861205720305166,0.6228427022951759,0.2139245585874799,0.15796511122697254
R15H07,0.9,0.2,0.5,DR-BGS,2,1,4.0,2.0,150,141,83,0.972200022205544,0.6344526531092491,0,0.0937353431643965,0.06554576329922893,0.24481420176439664,0.5861205720305166,0.6228427022951759,0.2139245585874799,0.15796511122697254
R15H07,0.9,0.2,0.5,DR-BGS,3,1,4.0,2.0,150,141,83,0.972200022205544,0.6344526531092491,0,0.0937353431643965,0.06554576329922893,0.24481420176439664,0.5861205720305166,0.6228427022951759,0.2139245585874799,0.15796511122697254
R15H07,0.9,0.2,0.5,DR-BGS,4,1,4.0,2.0,150,141,83,0.972200022205544,0.6344526531092491,0,0.0937353431643965,0.06554576329922893,0.24481420176439664,0.5861205720305166,0.6228427022951759,0.2139245585874799,0.15796511122697254
R15H07,0.9,0.2,0.5,Guarded-GP,0,1,4.0,2.0,150,141,83,0.972200022205544,0.6344526531092491,0,0.0937353431643965,0.06554576329922893,0.24481420176439664,0.5861205720305166,0.6228427022951759,0.2139245585874799,0.15796511122697254
R15H07,0.9,0.2,0.5,Guarded-GP,1,1,4.0,2.0,150,141,83,0.972200022205544,0.6344526531092491,0,0.0937353431643965,0.06554576329922893,0.24481420176439664,0.5861205720305166,0.6228427022951759,0.2139245585874799,0.15796511122697254
R15H07,0.9,0.2,0.5,Guarded-GP,2,1,4.0,2.0,150,141,83,0.972200022205544,0.6344526531092491,0,0.0937353431643965,0.06554576329922893,0.24481420176439664,0.5861205720305166,0.6228427022951759,0.2139245585874799,0.15796511122697254
R15H07,0.9,0.2,0.5,Guarded-GP,3,1,4.0,2.0,150,141,83,0.972200022205544,0.6344526531092491,0,0.0937353431643965,0.06554576329922893,0.24481420176439664,0.5861205720305166,0.6228427022951759,0.2139245585874799,0.15796511122697254
R15H07,0.9,0.2,0.5,Guarded-GP,4,1,4.0,2.0,150,141,83,0.972200022205544,0.6344526531092491,0,0.0937353431643965,0.06554576329922893,0.24481420176439664,0.5861205720305166,0.6228427022951759,0.2139245585874799,0.15796511122697254
R15H08,0.9,0.2,2.0,Exhaustive-training,-1,3,6.0,2.0,150,150,147,1.0,0.9958563747187794,0,0.20015683385825195,0.19208613121069062,0.3732881233108943,0.3472181680330377,0.4032113865296718,0.35454844006568137,0.3554480289922008
R15H08,0.9,0.2,2.0,DR-BGS,0,3,6.0,2.0,150,150,147,1.0,0.9958563747187794,0,0.20015683385825195,0.19208613121069062,0.3732881233108943,0.3472181680330377,0.4032113865296718,0.35454844006568137,0.3554480289922008
R15H08,0.9,0.2,2.0,DR-BGS,1,3,6.0,2.0,150,150,147,1.0,0.9958563747187794,0,0.20015683385825195,0.19208613121069062,0.3732881233108943,0.3472181680330377,0.4032113865296718,0.35454844006568137,0.3554480289922008
R15H08,0.9,0.2,2.0,DR-BGS,2,3,6.0,2.0,150,150,147,1.0,0.9958563747187794,0,0.20015683385825195,0.19208613121069062,0.3732881233108943,0.3472181680330377,0.4032113865296718,0.35454844006568137,0.3554480289922008
R15H08,0.9,0.2,2.0,DR-BGS,3,3,6.0,2.0,150,150,147,1.0,0.9958563747187794,0,0.20015683385825195,0.19208613121069062,0.3732881233108943,0.3472181680330377,0.4032113865296718,0.35454844006568137,0.3554480289922008
R15H08,0.9,0.2,2.0,DR-BGS,4,3,6.0,2.0,150,150,147,1.0,0.9958563747187794,0,0.20015683385825195,0.19208613121069062,0.3732881233108943,0.3472181680330377,0.4032113865296718,0.35454844006568137,0.3554480289922008
R15H08,0.9,0.2,2.0,Guarded-GP,0,45,20.0,2.0,150,150,149,1.0,0.99983122885689,0,0.21958331565893796,0.20422551269326467,0.3881960111526864,0.31047023368520477,0.3686996353581077,0.39917134456027786,0.34612190666002324
R15H08,0.9,0.2,2.0,Guarded-GP,1,45,20.0,2.0,150,150,149,1.0,0.99983122885689,0,0.21958331565893796,0.20422551269326467,0.3881960111526864,0.31047023368520477,0.3686996353581077,0.39917134456027786,0.34612190666002324
R15H08,0.9,0.2,2.0,Guarded-GP,2,45,20.0,2.0,150,150,149,1.0,0.99983122885689,0,0.21958331565893796,0.20422551269326467,0.3881960111526864,0.31047023368520477,0.3686996353581077,0.39917134456027786,0.34612190666002324
R15H08,0.9,0.2,2.0,Guarded-GP,3,45,20.0,2.0,150,150,149,1.0,0.99983122885689,0,0.21958331565893796,0.20422551269326467,0.3881960111526864,0.31047023368520477,0.3686996353581077,0.39917134456027786,0.34612190666002324
R15H08,0.9,0.2,2.0,Guarded-GP,4,45,20.0,2.0,150,150,149,1.0,0.99983122885689,0,0.21958331565893796,0.20422551269326467,0.3881960111526864,0.31047023368520477,0.3686996353581077,0.39917134456027786,0.34612190666002324
R15H09,0.9,0.5,0.5,Exhaustive-training,-1,2,4.0,4.0,150,148,55,0.9983811729701603,0.4491502447105225,0,0.1496321819591778,0.04437236134121898,0.32336239851255766,0.6879873846275384,0.736491744404422,0.2935157790927019,0.11778635778635774
R15H09,0.9,0.5,0.5,DR-BGS,0,2,4.0,4.0,150,148,55,0.9983811729701603,0.4491502447105225,0,0.1496321819591778,0.04437236134121898,0.32336239851255766,0.6879873846275384,0.736491744404422,0.2935157790927019,0.11778635778635774
R15H09,0.9,0.5,0.5,DR-BGS,1,2,4.0,4.0,150,148,55,0.9983811729701603,0.4491502447105225,0,0.1496321819591778,0.04437236134121898,0.32336239851255766,0.6879873846275384,0.736491744404422,0.2935157790927019,0.11778635778635774
R15H09,0.9,0.5,0.5,DR-BGS,2,2,4.0,4.0,150,148,55,0.9983811729701603,0.4491502447105225,0,0.1496321819591778,0.04437236134121898,0.32336239851255766,0.6879873846275384,0.736491744404422,0.2935157790927019,0.11778635778635774
R15H09,0.9,0.5,0.5,DR-BGS,3,2,4.0,4.0,150,148,55,0.9983811729701603,0.4491502447105225,0,0.1496321819591778,0.04437236134121898,0.32336239851255766,0.6879873846275384,0.736491744404422,0.2935157790927019,0.11778635778635774
R15H09,0.9,0.5,0.5,DR-BGS,4,2,4.0,4.0,150,148,55,0.9983811729701603,0.4491502447105225,0,0.1496321819591778,0.04437236134121898,0.32336239851255766,0.6879873846275384,0.736491744404422,0.2935157790927019,0.11778635778635774
R15H09,0.9,0.5,0.5,Guarded-GP,0,2,4.0,4.0,150,148,55,0.9983811729701603,0.4491502447105225,0,0.1496321819591778,0.04437236134121898,0.32336239851255766,0.6879873846275384,0.736491744404422,0.2935157790927019,0.11778635778635774
R15H09,0.9,0.5,0.5,Guarded-GP,1,5,6.0,6.0,150,148,57,0.9983811729701603,0.462763112054715,0,0.14784201043598805,0.04612835669038642,0.31967735153405347,0.6754993138315041,0.7234509165616122,0.30637616459627326,0.12907228421091896
R15H09,0.9,0.5,0.5,Guarded-GP,2,2,4.0,4.0,150,148,55,0.9983811729701603,0.4491502447105225,0,0.1496321819591778,0.04437236134121898,0.32336239851255766,0.6879873846275384,0.736491744404422,0.2935157790927019,0.11778635778635774
R15H09,0.9,0.5,0.5,Guarded-GP,3,9,8.0,8.0,150,149,69,0.99983122885689,0.5431960267478911,0,0.1548943566414313,0.053975922150912584,0.3325805455792199,0.6543107779997452,0.7041978598366282,0.3164533196791259,0.14331089983263895
R15H09,0.9,0.5,0.5,Guarded-GP,4,2,4.0,4.0,150,148,55,0.9983811729701603,0.4491502447105225,0,0.1496321819591778,0.04437236134121898,0.32336239851255766,0.6879873846275384,0.736491744404422,0.2935157790927019,0.11778635778635774
R15H10,0.9,0.5,2.0,Exhaustive-training,-1,21,14.0,2.0,150,150,124,1.0,0.8835378266393749,0,0.22291648646346582,0.14991199630964314,0.3983723903614882,0.4772213221227344,0.5369771806769577,0.36010426540284357,0.3118963524274338
R15H10,0.9,0.5,2.0,DR-BGS,0,21,14.0,2.0,150,150,124,1.0,0.8835378266393749,0,0.22291648646346582,0.14991199630964314,0.3983723903614882,0.4772213221227344,0.5369771806769577,0.36010426540284357,0.3118963524274338
R15H10,0.9,0.5,2.0,DR-BGS,1,21,14.0,2.0,150,150,124,1.0,0.8835378266393749,0,0.22291648646346582,0.14991199630964314,0.3983723903614882,0.4772213221227344,0.5369771806769577,0.36010426540284357,0.3118963524274338
R15H10,0.9,0.5,2.0,DR-BGS,2,21,14.0,2.0,150,150,124,1.0,0.8835378266393749,0,0.22291648646346582,0.14991199630964314,0.3983723903614882,0.4772213221227344,0.5369771806769577,0.36010426540284357,0.3118963524274338
R15H10,0.9,0.5,2.0,DR-BGS,3,21,14.0,2.0,150,150,124,1.0,0.8835378266393749,0,0.22291648646346582,0.14991199630964314,0.3983723903614882,0.4772213221227344,0.5369771806769577,0.36010426540284357,0.3118963524274338
R15H10,0.9,0.5,2.0,DR-BGS,4,21,14.0,2.0,150,150,124,1.0,0.8835378266393749,0,0.22291648646346582,0.14991199630964314,0.3983723903614882,0.4772213221227344,0.5369771806769577,0.36010426540284357,0.3118963524274338
R15H10,0.9,0.5,2.0,Guarded-GP,0,21,14.0,2.0,150,150,124,1.0,0.8835378266393749,0,0.22291648646346582,0.14991199630964314,0.3983723903614882,0.4772213221227344,0.5369771806769577,0.36010426540284357,0.3118963524274338
R15H10,0.9,0.5,2.0,Guarded-GP,1,21,14.0,2.0,150,150,124,1.0,0.8835378266393749,0,0.22291648646346582,0.14991199630964314,0.3983723903614882,0.4772213221227344,0.5369771806769577,0.36010426540284357,0.3118963524274338
R15H10,0.9,0.5,2.0,Guarded-GP,2,21,14.0,2.0,150,150,124,1.0,0.8835378266393749,0,0.22291648646346582,0.14991199630964314,0.3983723903614882,0.4772213221227344,0.5369771806769577,0.36010426540284357,0.3118963524274338
R15H10,0.9,0.5,2.0,Guarded-GP,3,21,14.0,2.0,150,150,124,1.0,0.8835378266393749,0,0.22291648646346582,0.14991199630964314,0.3983723903614882,0.4772213221227344,0.5369771806769577,0.36010426540284357,0.3118963524274338
R15H10,0.9,0.5,2.0,Guarded-GP,4,21,14.0,2.0,150,150,124,1.0,0.8835378266393749,0,0.22291648646346582,0.14991199630964314,0.3983723903614882,0.4772213221227344,0.5369771806769577,0.36010426540284357,0.3118963524274338
R15H11,0.9,0.8,0.5,Exhaustive-training,-1,45,20.0,2.0,150,150,45,1.0,0.38012123362421896,0,0.3053749984264444,0.0367354491871795,0.48821940980169737,0.752990077269724,0.8262229887399787,0.4472657450076804,0.1245402298850574
R15H11,0.9,0.8,0.5,DR-BGS,0,45,20.0,2.0,150,150,45,1.0,0.38012123362421896,0,0.3053749984264444,0.0367354491871795,0.48821940980169737,0.752990077269724,0.8262229887399787,0.4472657450076804,0.1245402298850574
R15H11,0.9,0.8,0.5,DR-BGS,1,45,20.0,2.0,150,150,45,1.0,0.38012123362421896,0,0.3053749984264444,0.0367354491871795,0.48821940980169737,0.752990077269724,0.8262229887399787,0.4472657450076804,0.1245402298850574
R15H11,0.9,0.8,0.5,DR-BGS,2,45,20.0,2.0,150,150,45,1.0,0.38012123362421896,0,0.3053749984264444,0.0367354491871795,0.48821940980169737,0.752990077269724,0.8262229887399787,0.4472657450076804,0.1245402298850574
R15H11,0.9,0.8,0.5,DR-BGS,3,45,20.0,2.0,150,150,45,1.0,0.38012123362421896,0,0.3053749984264444,0.0367354491871795,0.48821940980169737,0.752990077269724,0.8262229887399787,0.4472657450076804,0.1245402298850574
R15H11,0.9,0.8,0.5,DR-BGS,4,45,20.0,2.0,150,150,45,1.0,0.38012123362421896,0,0.3053749984264444,0.0367354491871795,0.48821940980169737,0.752990077269724,0.8262229887399787,0.4472657450076804,0.1245402298850574
R15H11,0.9,0.8,0.5,Guarded-GP,0,45,20.0,2.0,150,150,45,1.0,0.38012123362421896,0,0.3053749984264444,0.0367354491871795,0.48821940980169737,0.752990077269724,0.8262229887399787,0.4472657450076804,0.1245402298850574
R15H11,0.9,0.8,0.5,Guarded-GP,1,45,20.0,2.0,150,150,45,1.0,0.38012123362421896,0,0.3053749984264444,0.0367354491871795,0.48821940980169737,0.752990077269724,0.8262229887399787,0.4472657450076804,0.1245402298850574
R15H11,0.9,0.8,0.5,Guarded-GP,2,45,20.0,2.0,150,150,45,1.0,0.38012123362421896,0,0.3053749984264444,0.0367354491871795,0.48821940980169737,0.752990077269724,0.8262229887399787,0.4472657450076804,0.1245402298850574
R15H11,0.9,0.8,0.5,Guarded-GP,3,45,20.0,2.0,150,150,45,1.0,0.38012123362421896,0,0.3053749984264444,0.0367354491871795,0.48821940980169737,0.752990077269724,0.8262229887399787,0.4472657450076804,0.1245402298850574
R15H11,0.9,0.8,0.5,Guarded-GP,4,45,20.0,2.0,150,150,45,1.0,0.38012123362421896,0,0.3053749984264444,0.0367354491871795,0.48821940980169737,0.752990077269724,0.8262229887399787,0.4472657450076804,0.1245402298850574
R15H12,0.9,0.8,2.0,Exhaustive-training,-1,37,18.0,4.0,150,150,89,1.0,0.6727116862227358,0,0.32330626503095683,0.10783068746119141,0.49197719703541376,0.6155660826770036,0.6893626622323158,0.44273078456019854,0.3008021390374331
R15H12,0.9,0.8,2.0,DR-BGS,0,0,2.0,2.0,150,150,102,1.0,0.7537304842875724,0,0.32409098892946026,0.121890471002026,0.48892356179048574,0.5887099775027358,0.6620485117713087,0.4612828374593079,0.3454805996472663
R15H12,0.9,0.8,2.0,DR-BGS,1,0,2.0,2.0,150,150,102,1.0,0.7537304842875724,0,0.32409098892946026,0.121890471002026,0.48892356179048574,0.5887099775027358,0.6620485117713087,0.4612828374593079,0.3454805996472663
R15H12,0.9,0.8,2.0,DR-BGS,2,0,2.0,2.0,150,150,102,1.0,0.7537304842875724,0,0.32409098892946026,0.121890471002026,0.48892356179048574,0.5887099775027358,0.6620485117713087,0.4612828374593079,0.3454805996472663
R15H12,0.9,0.8,2.0,DR-BGS,3,0,2.0,2.0,150,150,102,1.0,0.7537304842875724,0,0.32409098892946026,0.121890471002026,0.48892356179048574,0.5887099775027358,0.6620485117713087,0.4612828374593079,0.3454805996472663
R15H12,0.9,0.8,2.0,DR-BGS,4,0,2.0,2.0,150,150,102,1.0,0.7537304842875724,0,0.32409098892946026,0.121890471002026,0.48892356179048574,0.5887099775027358,0.6620485117713087,0.4612828374593079,0.3454805996472663
R15H12,0.9,0.8,2.0,Guarded-GP,0,0,2.0,2.0,150,150,102,1.0,0.7537304842875724,0,0.32409098892946026,0.121890471002026,0.48892356179048574,0.5887099775027358,0.6620485117713087,0.4612828374593079,0.3454805996472663
R15H12,0.9,0.8,2.0,Guarded-GP,1,11,10.0,4.0,150,150,108,1.0,0.7901647311422533,0,0.32577962593712306,0.11904825698201424,0.49262276293986207,0.5912317248776489,0.6651251393186282,0.4379092176480236,0.28460847701149417
R15H12,0.9,0.8,2.0,Guarded-GP,2,0,2.0,2.0,150,150,102,1.0,0.7537304842875724,0,0.32409098892946026,0.121890471002026,0.48892356179048574,0.5887099775027358,0.6620485117713087,0.4612828374593079,0.3454805996472663
R15H12,0.9,0.8,2.0,Guarded-GP,3,0,2.0,2.0,150,150,102,1.0,0.7537304842875724,0,0.32409098892946026,0.121890471002026,0.48892356179048574,0.5887099775027358,0.6620485117713087,0.4612828374593079,0.3454805996472663
R15H12,0.9,0.8,2.0,Guarded-GP,4,0,2.0,2.0,150,150,102,1.0,0.7537304842875724,0,0.32409098892946026,0.121890471002026,0.48892356179048574,0.5887099775027358,0.6620485117713087,0.4612828374593079,0.3454805996472663
